Fiscal Year,County,Number of Consummated Adoptions,Color,Map ID
2014,Anderson,9,#FFC446,48001
2014,Andrews,1,#FFEDA4,48003
2014,Angelina,10,#FFC140,48005
2014,Aransas,9,#FFC446,48007
2014,Archer,0,#FFFFCC,48009
2014,Armstrong,0,#FFFFCC,48011
2014,Atascosa,41,#FF9A00,48013
2014,Austin,6,#FFCD5B,48015
2014,Bailey,2,#FFE38C,48017
2014,Bandera,8,#FFC64C,48019
2014,Bastrop,36,#FFA000,48021
2014,Baylor,0,#FFFFCC,48023
2014,Bee,7,#FFCA53,48025
2014,Bell,94,#FF7300,48027
2014,Bexar,1093,#FF0000,48029
2014,Blanco,0,#FFFFCC,48031
2014,Borden,0,#FFFFCC,48033
2014,Bosque,1,#FFEDA4,48035
2014,Bowie,16,#FFB627,48037
2014,Brazoria,5,#FFD164,48039
2014,Brazos,31,#FFA602,48041
2014,Brewster,0,#FFFFCC,48043
2014,Briscoe,0,#FFFFCC,48045
2014,Brooks,1,#FFEDA4,48047
2014,Brown,16,#FFB627,48049
2014,Burleson,6,#FFCD5B,48051
2014,Burnet,20,#FFB11A,48053
2014,Caldwell,11,#FFBF3B,48055
2014,Calhoun,0,#FFFFCC,48057
2014,Callahan,1,#FFEDA4,48059
2014,Cameron,11,#FFBF3B,48061
2014,Camp,11,#FFBF3B,48063
2014,Carson,0,#FFFFCC,48065
2014,Cass,6,#FFCD5B,48067
2014,Castro,9,#FFC446,48069
2014,Chambers,3,#FFDB7B,48071
2014,Cherokee,26,#FFAA0C,48073
2014,Childress,0,#FFFFCC,48075
2014,Clay,0,#FFFFCC,48077
2014,Cochran,1,#FFEDA4,48079
2014,Coke,0,#FFFFCC,48081
2014,Coleman,1,#FFEDA4,48083
2014,Collin,42,#FF9900,48085
2014,Collingsworth,0,#FFFFCC,48087
2014,Colorado,5,#FFD164,48089
2014,Comal,17,#FFB523,48091
2014,Comanche,2,#FFE38C,48093
2014,Concho,1,#FFEDA4,48095
2014,Cooke,18,#FFB320,48097
2014,Coryell,14,#FFB92E,48099
2014,Cottle,0,#FFFFCC,48101
2014,Crane,0,#FFFFCC,48103
2014,Crockett,1,#FFEDA4,48105
2014,Crosby,1,#FFEDA4,48107
2014,Culberson,0,#FFFFCC,48109
2014,Dallam,0,#FFFFCC,48111
2014,Dallas,304,#FF3C00,48113
2014,Dawson,2,#FFE38C,48115
2014,Deaf Smith,1,#FFEDA4,48117
2014,Delta,1,#FFEDA4,48119
2014,Denton,96,#FF7200,48121
2014,Dewitt,0,#FFFFCC,48123
2014,Dickens,0,#FFFFCC,48125
2014,Dimmit,5,#FFD164,48127
2014,Donley,0,#FFFFCC,48129
2014,Duval,0,#FFFFCC,48131
2014,Eastland,1,#FFEDA4,48133
2014,Ector,49,#FF9200,48135
2014,Edwards,0,#FFFFCC,48137
2014,Ellis,5,#FFD164,48139
2014,El Paso,102,#FF6F00,48141
2014,Erath,9,#FFC446,48143
2014,Falls,5,#FFD164,48145
2014,Fannin,2,#FFE38C,48147
2014,Fayette,18,#FFB320,48149
2014,Fisher,0,#FFFFCC,48151
2014,Floyd,5,#FFD164,48153
2014,Foard,1,#FFEDA4,48155
2014,Fort Bend,9,#FFC446,48157
2014,Franklin,3,#FFDB7B,48159
2014,Freestone,5,#FFD164,48161
2014,Frio,12,#FFBD36,48163
2014,Gaines,3,#FFDB7B,48165
2014,Galveston,32,#FFA500,48167
2014,Garza,0,#FFFFCC,48169
2014,Gillespie,6,#FFCD5B,48171
2014,Glasscock,0,#FFFFCC,48173
2014,Goliad,1,#FFEDA4,48175
2014,Gonzales,4,#FFD66E,48177
2014,Gray,9,#FFC446,48179
2014,Grayson,16,#FFB627,48181
2014,Gregg,43,#FF9800,48183
2014,Grimes,3,#FFDB7B,48185
2014,Guadalupe,42,#FF9900,48187
2014,Hale,6,#FFCD5B,48189
2014,Hall,1,#FFEDA4,48191
2014,Hamilton,0,#FFFFCC,48193
2014,Hansford,0,#FFFFCC,48195
2014,Hardeman,0,#FFFFCC,48197
2014,Hardin,3,#FFDB7B,48199
2014,Harris,805,#FF0E00,48201
2014,Harrison,10,#FFC140,48203
2014,Hartley,3,#FFDB7B,48205
2014,Haskell,3,#FFDB7B,48207
2014,Hays,20,#FFB11A,48209
2014,Hemphill,0,#FFFFCC,48211
2014,Henderson,26,#FFAA0C,48213
2014,Hidalgo,10,#FFC140,48215
2014,Hill,7,#FFCA53,48217
2014,Hockley,12,#FFBD36,48219
2014,Hood,14,#FFB92E,48221
2014,Hopkins,5,#FFD164,48223
2014,Houston,6,#FFCD5B,48225
2014,Howard,7,#FFCA53,48227
2014,Hudspeth,1,#FFEDA4,48229
2014,Hunt,44,#FF9600,48231
2014,Hutchinson,1,#FFEDA4,48233
2014,Irion,0,#FFFFCC,48235
2014,Jack,0,#FFFFCC,48237
2014,Jackson,1,#FFEDA4,48239
2014,Jasper,3,#FFDB7B,48241
2014,Jeff Davis,0,#FFFFCC,48243
2014,Jefferson,43,#FF9800,48245
2014,Jim Hogg,0,#FFFFCC,48247
2014,Jim Wells,4,#FFD66E,48249
2014,Johnson,66,#FF8400,48251
2014,Jones,1,#FFEDA4,48253
2014,Karnes,3,#FFDB7B,48255
2014,Kaufman,11,#FFBF3B,48257
2014,Kendall,8,#FFC64C,48259
2014,Kenedy,0,#FFFFCC,48261
2014,Kent,0,#FFFFCC,48263
2014,Kerr,20,#FFB11A,48265
2014,Kimble,2,#FFE38C,48267
2014,King,0,#FFFFCC,48269
2014,Kinney,2,#FFE38C,48271
2014,Kleberg,19,#FFB21D,48273
2014,Knox,0,#FFFFCC,48275
2014,Lamar,4,#FFD66E,48277
2014,Lamb,7,#FFCA53,48279
2014,Lampasas,11,#FFBF3B,48281
2014,La Salle,2,#FFE38C,48283
2014,Lavaca,2,#FFE38C,48285
2014,Lee,1,#FFEDA4,48287
2014,Leon,0,#FFFFCC,48289
2014,Liberty,13,#FFBB32,48291
2014,Limestone,7,#FFCA53,48293
2014,Lipscomb,1,#FFEDA4,48295
2014,Live Oak,5,#FFD164,48297
2014,Llano,8,#FFC64C,48299
2014,Loving,0,#FFFFCC,48301
2014,Lubbock,133,#FF6300,48303
2014,Lynn,2,#FFE38C,48305
2014,Mcculloch,0,#FFFFCC,48307
2014,Mclennan,0,#FFFFCC,48309
2014,Mcmullen,0,#FFFFCC,48311
2014,Madison,3,#FFDB7B,48313
2014,Marion,0,#FFFFCC,48315
2014,Martin,0,#FFFFCC,48317
2014,Mason,0,#FFFFCC,48319
2014,Matagorda,0,#FFFFCC,48321
2014,Maverick,0,#FFFFCC,48323
2014,Medina,21,#FFAF18,48325
2014,Menard,0,#FFFFCC,48327
2014,Midland,23,#FFAD13,48329
2014,Milam,4,#FFD66E,48331
2014,Mills,0,#FFFFCC,48333
2014,Mitchell,0,#FFFFCC,48335
2014,Montague,3,#FFDB7B,48337
2014,Montgomery,69,#FF8200,48339
2014,Moore,3,#FFDB7B,48341
2014,Morris,1,#FFEDA4,48343
2014,Motley,1,#FFEDA4,48345
2014,Nacogdoches,23,#FFAD13,48347
2014,Navarro,26,#FFAA0C,48349
2014,Newton,0,#FFFFCC,48351
2014,Nolan,0,#FFFFCC,48353
2014,Nueces,26,#FFAA0C,48355
2014,Ochiltree,0,#FFFFCC,48357
2014,Oldham,0,#FFFFCC,48359
2014,Orange,16,#FFB627,48361
2014,Palo Pinto,6,#FFCD5B,48363
2014,Panola,5,#FFD164,48365
2014,Parker,4,#FFD66E,48367
2014,Parmer,0,#FFFFCC,48369
2014,Pecos,1,#FFEDA4,48371
2014,Polk,11,#FFBF3B,48373
2014,Potter,55,#FF8C00,48375
2014,Presidio,1,#FFEDA4,48377
2014,Rains,0,#FFFFCC,48379
2014,Randall,30,#FFA704,48381
2014,Reagan,0,#FFFFCC,48383
2014,Real,1,#FFEDA4,48385
2014,Red River,0,#FFFFCC,48387
2014,Reeves,0,#FFFFCC,48389
2014,Refugio,0,#FFFFCC,48391
2014,Roberts,0,#FFFFCC,48393
2014,Robertson,1,#FFEDA4,48395
2014,Rockwall,13,#FFBB32,48397
2014,Runnels,1,#FFEDA4,48399
2014,Rusk,2,#FFE38C,48401
2014,Sabine,0,#FFFFCC,48403
2014,San Augustine,0,#FFFFCC,48405
2014,San Jacinto,4,#FFD66E,48407
2014,San Patricio,13,#FFBB32,48409
2014,San Saba,1,#FFEDA4,48411
2014,Schleicher,0,#FFFFCC,48413
2014,Scurry,2,#FFE38C,48415
2014,Shackelford,0,#FFFFCC,48417
2014,Shelby,6,#FFCD5B,48419
2014,Sherman,0,#FFFFCC,48421
2014,Smith,62,#FF8700,48423
2014,Somervell,0,#FFFFCC,48425
2014,Starr,8,#FFC64C,48427
2014,Stephens,0,#FFFFCC,48429
2014,Sterling,0,#FFFFCC,48431
2014,Stonewall,0,#FFFFCC,48433
2014,Sutton,1,#FFEDA4,48435
2014,Swisher,0,#FFFFCC,48437
2014,Tarrant,276,#FF4100,48439
2014,Taylor,24,#FFAC10,48441
2014,Terrell,0,#FFFFCC,48443
2014,Terry,5,#FFD164,48445
2014,Throckmorton,0,#FFFFCC,48447
2014,Titus,6,#FFCD5B,48449
2014,Tom Green,84,#FF7800,48451
2014,Travis,243,#FF4700,48453
2014,Trinity,6,#FFCD5B,48455
2014,Tyler,0,#FFFFCC,48457
2014,Upshur,5,#FFD164,48459
2014,Upton,0,#FFFFCC,48461
2014,Uvalde,13,#FFBB32,48463
2014,Val Verde,6,#FFCD5B,48465
2014,Van Zandt,20,#FFB11A,48467
2014,Victoria,21,#FFAF18,48469
2014,Walker,2,#FFE38C,48471
2014,Waller,4,#FFD66E,48473
2014,Ward,1,#FFEDA4,48475
2014,Washington,7,#FFCA53,48477
2014,Webb,25,#FFAB0E,48479
2014,Wharton,7,#FFCA53,48481
2014,Wheeler,0,#FFFFCC,48483
2014,Wichita,29,#FFA806,48485
2014,Wilbarger,0,#FFFFCC,48487
2014,Willacy,10,#FFC140,48489
2014,Williamson,62,#FF8700,48491
2014,Wilson,18,#FFB320,48493
2014,Winkler,1,#FFEDA4,48495
2014,Wise,9,#FFC446,48497
2014,Wood,16,#FFB627,48499
2014,Yoakum,0,#FFFFCC,48501
2014,Young,2,#FFE38C,48503
2014,Zapata,4,#FFD66E,48505
2014,Zavala,4,#FFD66E,48507
2015,Anderson,9,#FFC446,48001
2015,Andrews,2,#FFE38C,48003
2015,Angelina,9,#FFC446,48005
2015,Aransas,8,#FFC64C,48007
2015,Archer,0,#FFFFCC,48009
2015,Armstrong,0,#FFFFCC,48011
2015,Atascosa,52,#FF8F00,48013
2015,Austin,1,#FFEDA4,48015
2015,Bailey,0,#FFFFCC,48017
2015,Bandera,11,#FFBF3B,48019
2015,Bastrop,49,#FF9200,48021
2015,Baylor,0,#FFFFCC,48023
2015,Bee,6,#FFCD5B,48025
2015,Bell,71,#FF8000,48027
2015,Bexar,978,#FF0500,48029
2015,Blanco,0,#FFFFCC,48031
2015,Borden,0,#FFFFCC,48033
2015,Bosque,8,#FFC64C,48035
2015,Bowie,5,#FFD164,48037
2015,Brazoria,15,#FFB82A,48039
2015,Brazos,26,#FFAA0C,48041
2015,Brewster,0,#FFFFCC,48043
2015,Briscoe,0,#FFFFCC,48045
2015,Brooks,0,#FFFFCC,48047
2015,Brown,24,#FFAC10,48049
2015,Burleson,6,#FFCD5B,48051
2015,Burnet,19,#FFB21D,48053
2015,Caldwell,21,#FFAF18,48055
2015,Calhoun,3,#FFDB7B,48057
2015,Callahan,1,#FFEDA4,48059
2015,Cameron,14,#FFB92E,48061
2015,Camp,12,#FFBD36,48063
2015,Carson,0,#FFFFCC,48065
2015,Cass,4,#FFD66E,48067
2015,Castro,2,#FFE38C,48069
2015,Chambers,7,#FFCA53,48071
2015,Cherokee,32,#FFA500,48073
2015,Childress,2,#FFE38C,48075
2015,Clay,1,#FFEDA4,48077
2015,Cochran,1,#FFEDA4,48079
2015,Coke,0,#FFFFCC,48081
2015,Coleman,2,#FFE38C,48083
2015,Collin,68,#FF8200,48085
2015,Collingsworth,2,#FFE38C,48087
2015,Colorado,3,#FFDB7B,48089
2015,Comal,46,#FF9400,48091
2015,Comanche,5,#FFD164,48093
2015,Concho,0,#FFFFCC,48095
2015,Cooke,14,#FFB92E,48097
2015,Coryell,5,#FFD164,48099
2015,Cottle,0,#FFFFCC,48101
2015,Crane,0,#FFFFCC,48103
2015,Crockett,0,#FFFFCC,48105
2015,Crosby,1,#FFEDA4,48107
2015,Culberson,1,#FFEDA4,48109
2015,Dallam,0,#FFFFCC,48111
2015,Dallas,320,#FF3A00,48113
2015,Dawson,6,#FFCD5B,48115
2015,Deaf Smith,4,#FFD66E,48117
2015,Delta,2,#FFE38C,48119
2015,Denton,82,#FF7A00,48121
2015,Dewitt,0,#FFFFCC,48123
2015,Dickens,1,#FFEDA4,48125
2015,Dimmit,4,#FFD66E,48127
2015,Donley,1,#FFEDA4,48129
2015,Duval,2,#FFE38C,48131
2015,Eastland,3,#FFDB7B,48133
2015,Ector,73,#FF7F00,48135
2015,Edwards,0,#FFFFCC,48137
2015,Ellis,12,#FFBD36,48139
2015,El Paso,109,#FF6C00,48141
2015,Erath,2,#FFE38C,48143
2015,Falls,9,#FFC446,48145
2015,Fannin,11,#FFBF3B,48147
2015,Fayette,12,#FFBD36,48149
2015,Fisher,0,#FFFFCC,48151
2015,Floyd,4,#FFD66E,48153
2015,Foard,0,#FFFFCC,48155
2015,Fort Bend,16,#FFB627,48157
2015,Franklin,2,#FFE38C,48159
2015,Freestone,6,#FFCD5B,48161
2015,Frio,22,#FFAE15,48163
2015,Gaines,2,#FFE38C,48165
2015,Galveston,36,#FFA000,48167
2015,Garza,1,#FFEDA4,48169
2015,Gillespie,3,#FFDB7B,48171
2015,Glasscock,0,#FFFFCC,48173
2015,Goliad,3,#FFDB7B,48175
2015,Gonzales,7,#FFCA53,48177
2015,Gray,4,#FFD66E,48179
2015,Grayson,38,#FF9D00,48181
2015,Gregg,30,#FFA704,48183
2015,Grimes,5,#FFD164,48185
2015,Guadalupe,25,#FFAB0E,48187
2015,Hale,9,#FFC446,48189
2015,Hall,0,#FFFFCC,48191
2015,Hamilton,0,#FFFFCC,48193
2015,Hansford,0,#FFFFCC,48195
2015,Hardeman,0,#FFFFCC,48197
2015,Hardin,8,#FFC64C,48199
2015,Harris,890,#FF0A00,48201
2015,Harrison,17,#FFB523,48203
2015,Hartley,0,#FFFFCC,48205
2015,Haskell,4,#FFD66E,48207
2015,Hays,32,#FFA500,48209
2015,Hemphill,2,#FFE38C,48211
2015,Henderson,25,#FFAB0E,48213
2015,Hidalgo,13,#FFBB32,48215
2015,Hill,19,#FFB21D,48217
2015,Hockley,16,#FFB627,48219
2015,Hood,19,#FFB21D,48221
2015,Hopkins,8,#FFC64C,48223
2015,Houston,1,#FFEDA4,48225
2015,Howard,23,#FFAD13,48227
2015,Hudspeth,0,#FFFFCC,48229
2015,Hunt,44,#FF9600,48231
2015,Hutchinson,1,#FFEDA4,48233
2015,Irion,0,#FFFFCC,48235
2015,Jack,0,#FFFFCC,48237
2015,Jackson,1,#FFEDA4,48239
2015,Jasper,1,#FFEDA4,48241
2015,Jeff Davis,0,#FFFFCC,48243
2015,Jefferson,63,#FF8600,48245
2015,Jim Hogg,0,#FFFFCC,48247
2015,Jim Wells,7,#FFCA53,48249
2015,Johnson,44,#FF9600,48251
2015,Jones,0,#FFFFCC,48253
2015,Karnes,8,#FFC64C,48255
2015,Kaufman,21,#FFAF18,48257
2015,Kendall,8,#FFC64C,48259
2015,Kenedy,0,#FFFFCC,48261
2015,Kent,0,#FFFFCC,48263
2015,Kerr,17,#FFB523,48265
2015,Kimble,0,#FFFFCC,48267
2015,King,0,#FFFFCC,48269
2015,Kinney,0,#FFFFCC,48271
2015,Kleberg,1,#FFEDA4,48273
2015,Knox,0,#FFFFCC,48275
2015,Lamar,4,#FFD66E,48277
2015,Lamb,0,#FFFFCC,48279
2015,Lampasas,2,#FFE38C,48281
2015,La Salle,3,#FFDB7B,48283
2015,Lavaca,7,#FFCA53,48285
2015,Lee,3,#FFDB7B,48287
2015,Leon,0,#FFFFCC,48289
2015,Liberty,22,#FFAE15,48291
2015,Limestone,8,#FFC64C,48293
2015,Lipscomb,1,#FFEDA4,48295
2015,Live Oak,5,#FFD164,48297
2015,Llano,12,#FFBD36,48299
2015,Loving,0,#FFFFCC,48301
2015,Lubbock,140,#FF6100,48303
2015,Lynn,0,#FFFFCC,48305
2015,Mcculloch,0,#FFFFCC,48307
2015,Mclennan,0,#FFFFCC,48309
2015,Mcmullen,0,#FFFFCC,48311
2015,Madison,2,#FFE38C,48313
2015,Marion,5,#FFD164,48315
2015,Martin,0,#FFFFCC,48317
2015,Mason,0,#FFFFCC,48319
2015,Matagorda,10,#FFC140,48321
2015,Maverick,2,#FFE38C,48323
2015,Medina,39,#FF9C00,48325
2015,Menard,1,#FFEDA4,48327
2015,Midland,18,#FFB320,48329
2015,Milam,7,#FFCA53,48331
2015,Mills,1,#FFEDA4,48333
2015,Mitchell,0,#FFFFCC,48335
2015,Montague,4,#FFD66E,48337
2015,Montgomery,96,#FF7200,48339
2015,Moore,3,#FFDB7B,48341
2015,Morris,4,#FFD66E,48343
2015,Motley,0,#FFFFCC,48345
2015,Nacogdoches,24,#FFAC10,48347
2015,Navarro,20,#FFB11A,48349
2015,Newton,0,#FFFFCC,48351
2015,Nolan,3,#FFDB7B,48353
2015,Nueces,27,#FFA90A,48355
2015,Ochiltree,0,#FFFFCC,48357
2015,Oldham,0,#FFFFCC,48359
2015,Orange,28,#FFA808,48361
2015,Palo Pinto,36,#FFA000,48363
2015,Panola,2,#FFE38C,48365
2015,Parker,46,#FF9400,48367
2015,Parmer,2,#FFE38C,48369
2015,Pecos,2,#FFE38C,48371
2015,Polk,14,#FFB92E,48373
2015,Potter,48,#FF9200,48375
2015,Presidio,2,#FFE38C,48377
2015,Rains,0,#FFFFCC,48379
2015,Randall,34,#FFA200,48381
2015,Reagan,0,#FFFFCC,48383
2015,Real,4,#FFD66E,48385
2015,Red River,2,#FFE38C,48387
2015,Reeves,1,#FFEDA4,48389
2015,Refugio,2,#FFE38C,48391
2015,Roberts,0,#FFFFCC,48393
2015,Robertson,6,#FFCD5B,48395
2015,Rockwall,2,#FFE38C,48397
2015,Runnels,4,#FFD66E,48399
2015,Rusk,5,#FFD164,48401
2015,Sabine,0,#FFFFCC,48403
2015,San Augustine,0,#FFFFCC,48405
2015,San Jacinto,5,#FFD164,48407
2015,San Patricio,18,#FFB320,48409
2015,San Saba,1,#FFEDA4,48411
2015,Schleicher,3,#FFDB7B,48413
2015,Scurry,3,#FFDB7B,48415
2015,Shackelford,0,#FFFFCC,48417
2015,Shelby,12,#FFBD36,48419
2015,Sherman,0,#FFFFCC,48421
2015,Smith,51,#FF9000,48423
2015,Somervell,3,#FFDB7B,48425
2015,Starr,1,#FFEDA4,48427
2015,Stephens,2,#FFE38C,48429
2015,Sterling,0,#FFFFCC,48431
2015,Stonewall,5,#FFD164,48433
2015,Sutton,0,#FFFFCC,48435
2015,Swisher,3,#FFDB7B,48437
2015,Tarrant,280,#FF4000,48439
2015,Taylor,29,#FFA806,48441
2015,Terrell,0,#FFFFCC,48443
2015,Terry,4,#FFD66E,48445
2015,Throckmorton,0,#FFFFCC,48447
2015,Titus,5,#FFD164,48449
2015,Tom Green,68,#FF8200,48451
2015,Travis,261,#FF4300,48453
2015,Trinity,3,#FFDB7B,48455
2015,Tyler,1,#FFEDA4,48457
2015,Upshur,3,#FFDB7B,48459
2015,Upton,0,#FFFFCC,48461
2015,Uvalde,5,#FFD164,48463
2015,Val Verde,1,#FFEDA4,48465
2015,Van Zandt,14,#FFB92E,48467
2015,Victoria,20,#FFB11A,48469
2015,Walker,7,#FFCA53,48471
2015,Waller,5,#FFD164,48473
2015,Ward,0,#FFFFCC,48475
2015,Washington,7,#FFCA53,48477
2015,Webb,30,#FFA704,48479
2015,Wharton,1,#FFEDA4,48481
2015,Wheeler,0,#FFFFCC,48483
2015,Wichita,18,#FFB320,48485
2015,Wilbarger,1,#FFEDA4,48487
2015,Willacy,0,#FFFFCC,48489
2015,Williamson,37,#FF9E00,48491
2015,Wilson,21,#FFAF18,48493
2015,Winkler,1,#FFEDA4,48495
2015,Wise,12,#FFBD36,48497
2015,Wood,11,#FFBF3B,48499
2015,Yoakum,2,#FFE38C,48501
2015,Young,3,#FFDB7B,48503
2015,Zapata,2,#FFE38C,48505
2015,Zavala,6,#FFCD5B,48507
2016,Anderson,16,#FFB627,48001
2016,Andrews,1,#FFEDA4,48003
2016,Angelina,15,#FFB82A,48005
2016,Aransas,17,#FFB523,48007
2016,Archer,0,#FFFFCC,48009
2016,Armstrong,0,#FFFFCC,48011
2016,Atascosa,33,#FFA400,48013
2016,Austin,2,#FFE38C,48015
2016,Bailey,1,#FFEDA4,48017
2016,Bandera,10,#FFC140,48019
2016,Bastrop,58,#FF8A00,48021
2016,Baylor,0,#FFFFCC,48023
2016,Bee,15,#FFB82A,48025
2016,Bell,102,#FF6F00,48027
2016,Bexar,807,#FF0E00,48029
2016,Blanco,2,#FFE38C,48031
2016,Borden,0,#FFFFCC,48033
2016,Bosque,4,#FFD66E,48035
2016,Bowie,11,#FFBF3B,48037
2016,Brazoria,31,#FFA602,48039
2016,Brazos,19,#FFB21D,48041
2016,Brewster,0,#FFFFCC,48043
2016,Briscoe,1,#FFEDA4,48045
2016,Brooks,1,#FFEDA4,48047
2016,Brown,18,#FFB320,48049
2016,Burleson,4,#FFD66E,48051
2016,Burnet,30,#FFA704,48053
2016,Caldwell,9,#FFC446,48055
2016,Calhoun,1,#FFEDA4,48057
2016,Callahan,1,#FFEDA4,48059
2016,Cameron,26,#FFAA0C,48061
2016,Camp,1,#FFEDA4,48063
2016,Carson,4,#FFD66E,48065
2016,Cass,11,#FFBF3B,48067
2016,Castro,4,#FFD66E,48069
2016,Chambers,5,#FFD164,48071
2016,Cherokee,31,#FFA602,48073
2016,Childress,1,#FFEDA4,48075
2016,Clay,1,#FFEDA4,48077
2016,Cochran,2,#FFE38C,48079
2016,Coke,0,#FFFFCC,48081
2016,Coleman,1,#FFEDA4,48083
2016,Collin,75,#FF7E00,48085
2016,Collingsworth,1,#FFEDA4,48087
2016,Colorado,1,#FFEDA4,48089
2016,Comal,48,#FF9200,48091
2016,Comanche,3,#FFDB7B,48093
2016,Concho,0,#FFFFCC,48095
2016,Cooke,8,#FFC64C,48097
2016,Coryell,15,#FFB82A,48099
2016,Cottle,0,#FFFFCC,48101
2016,Crane,0,#FFFFCC,48103
2016,Crockett,0,#FFFFCC,48105
2016,Crosby,3,#FFDB7B,48107
2016,Culberson,0,#FFFFCC,48109
2016,Dallam,1,#FFEDA4,48111
2016,Dallas,349,#FF3600,48113
2016,Dawson,17,#FFB523,48115
2016,Deaf Smith,13,#FFBB32,48117
2016,Delta,6,#FFCD5B,48119
2016,Denton,106,#FF6E00,48121
2016,Dewitt,0,#FFFFCC,48123
2016,Dickens,0,#FFFFCC,48125
2016,Dimmit,6,#FFCD5B,48127
2016,Donley,1,#FFEDA4,48129
2016,Duval,2,#FFE38C,48131
2016,Eastland,0,#FFFFCC,48133
2016,Ector,59,#FF8900,48135
2016,Edwards,1,#FFEDA4,48137
2016,Ellis,15,#FFB82A,48139
2016,El Paso,107,#FF6D00,48141
2016,Erath,1,#FFEDA4,48143
2016,Falls,2,#FFE38C,48145
2016,Fannin,5,#FFD164,48147
2016,Fayette,5,#FFD164,48149
2016,Fisher,0,#FFFFCC,48151
2016,Floyd,2,#FFE38C,48153
2016,Foard,0,#FFFFCC,48155
2016,Fort Bend,23,#FFAD13,48157
2016,Franklin,0,#FFFFCC,48159
2016,Freestone,0,#FFFFCC,48161
2016,Frio,19,#FFB21D,48163
2016,Gaines,2,#FFE38C,48165
2016,Galveston,56,#FF8B00,48167
2016,Garza,1,#FFEDA4,48169
2016,Gillespie,3,#FFDB7B,48171
2016,Glasscock,0,#FFFFCC,48173
2016,Goliad,0,#FFFFCC,48175
2016,Gonzales,16,#FFB627,48177
2016,Gray,2,#FFE38C,48179
2016,Grayson,35,#FFA100,48181
2016,Gregg,39,#FF9C00,48183
2016,Grimes,2,#FFE38C,48185
2016,Guadalupe,16,#FFB627,48187
2016,Hale,22,#FFAE15,48189
2016,Hall,5,#FFD164,48191
2016,Hamilton,1,#FFEDA4,48193
2016,Hansford,3,#FFDB7B,48195
2016,Hardeman,0,#FFFFCC,48197
2016,Hardin,8,#FFC64C,48199
2016,Harris,716,#FF1400,48201
2016,Harrison,16,#FFB627,48203
2016,Hartley,0,#FFFFCC,48205
2016,Haskell,0,#FFFFCC,48207
2016,Hays,40,#FF9B00,48209
2016,Hemphill,0,#FFFFCC,48211
2016,Henderson,45,#FF9500,48213
2016,Hidalgo,33,#FFA400,48215
2016,Hill,21,#FFAF18,48217
2016,Hockley,8,#FFC64C,48219
2016,Hood,13,#FFBB32,48221
2016,Hopkins,14,#FFB92E,48223
2016,Houston,3,#FFDB7B,48225
2016,Howard,23,#FFAD13,48227
2016,Hudspeth,0,#FFFFCC,48229
2016,Hunt,74,#FF7E00,48231
2016,Hutchinson,8,#FFC64C,48233
2016,Irion,0,#FFFFCC,48235
2016,Jack,0,#FFFFCC,48237
2016,Jackson,6,#FFCD5B,48239
2016,Jasper,9,#FFC446,48241
2016,Jeff Davis,0,#FFFFCC,48243
2016,Jefferson,63,#FF8600,48245
2016,Jim Hogg,5,#FFD164,48247
2016,Jim Wells,11,#FFBF3B,48249
2016,Johnson,34,#FFA200,48251
2016,Jones,1,#FFEDA4,48253
2016,Karnes,15,#FFB82A,48255
2016,Kaufman,32,#FFA500,48257
2016,Kendall,5,#FFD164,48259
2016,Kenedy,0,#FFFFCC,48261
2016,Kent,0,#FFFFCC,48263
2016,Kerr,29,#FFA806,48265
2016,Kimble,1,#FFEDA4,48267
2016,King,0,#FFFFCC,48269
2016,Kinney,0,#FFFFCC,48271
2016,Kleberg,2,#FFE38C,48273
2016,Knox,0,#FFFFCC,48275
2016,Lamar,5,#FFD164,48277
2016,Lamb,11,#FFBF3B,48279
2016,Lampasas,2,#FFE38C,48281
2016,La Salle,0,#FFFFCC,48283
2016,Lavaca,3,#FFDB7B,48285
2016,Lee,10,#FFC140,48287
2016,Leon,3,#FFDB7B,48289
2016,Liberty,10,#FFC140,48291
2016,Limestone,0,#FFFFCC,48293
2016,Lipscomb,0,#FFFFCC,48295
2016,Live Oak,5,#FFD164,48297
2016,Llano,8,#FFC64C,48299
2016,Loving,0,#FFFFCC,48301
2016,Lubbock,204,#FF4F00,48303
2016,Lynn,2,#FFE38C,48305
2016,Mcculloch,0,#FFFFCC,48307
2016,Mclennan,0,#FFFFCC,48309
2016,Mcmullen,0,#FFFFCC,48311
2016,Madison,0,#FFFFCC,48313
2016,Marion,0,#FFFFCC,48315
2016,Martin,0,#FFFFCC,48317
2016,Mason,0,#FFFFCC,48319
2016,Matagorda,3,#FFDB7B,48321
2016,Maverick,1,#FFEDA4,48323
2016,Medina,21,#FFAF18,48325
2016,Menard,0,#FFFFCC,48327
2016,Midland,30,#FFA704,48329
2016,Milam,15,#FFB82A,48331
2016,Mills,0,#FFFFCC,48333
2016,Mitchell,0,#FFFFCC,48335
2016,Montague,3,#FFDB7B,48337
2016,Montgomery,88,#FF7600,48339
2016,Moore,0,#FFFFCC,48341
2016,Morris,3,#FFDB7B,48343
2016,Motley,0,#FFFFCC,48345
2016,Nacogdoches,29,#FFA806,48347
2016,Navarro,10,#FFC140,48349
2016,Newton,0,#FFFFCC,48351
2016,Nolan,1,#FFEDA4,48353
2016,Nueces,53,#FF8E00,48355
2016,Ochiltree,0,#FFFFCC,48357
2016,Oldham,0,#FFFFCC,48359
2016,Orange,28,#FFA808,48361
2016,Palo Pinto,12,#FFBD36,48363
2016,Panola,0,#FFFFCC,48365
2016,Parker,55,#FF8C00,48367
2016,Parmer,3,#FFDB7B,48369
2016,Pecos,0,#FFFFCC,48371
2016,Polk,5,#FFD164,48373
2016,Potter,73,#FF7F00,48375
2016,Presidio,0,#FFFFCC,48377
2016,Rains,12,#FFBD36,48379
2016,Randall,46,#FF9400,48381
2016,Reagan,2,#FFE38C,48383
2016,Real,0,#FFFFCC,48385
2016,Red River,3,#FFDB7B,48387
2016,Reeves,2,#FFE38C,48389
2016,Refugio,0,#FFFFCC,48391
2016,Roberts,0,#FFFFCC,48393
2016,Robertson,1,#FFEDA4,48395
2016,Rockwall,11,#FFBF3B,48397
2016,Runnels,3,#FFDB7B,48399
2016,Rusk,9,#FFC446,48401
2016,Sabine,2,#FFE38C,48403
2016,San Augustine,2,#FFE38C,48405
2016,San Jacinto,3,#FFDB7B,48407
2016,San Patricio,21,#FFAF18,48409
2016,San Saba,10,#FFC140,48411
2016,Schleicher,0,#FFFFCC,48413
2016,Scurry,1,#FFEDA4,48415
2016,Shackelford,0,#FFFFCC,48417
2016,Shelby,5,#FFD164,48419
2016,Sherman,1,#FFEDA4,48421
2016,Smith,60,#FF8800,48423
2016,Somervell,0,#FFFFCC,48425
2016,Starr,2,#FFE38C,48427
2016,Stephens,0,#FFFFCC,48429
2016,Sterling,0,#FFFFCC,48431
2016,Stonewall,0,#FFFFCC,48433
2016,Sutton,0,#FFFFCC,48435
2016,Swisher,2,#FFE38C,48437
2016,Tarrant,278,#FF4000,48439
2016,Taylor,32,#FFA500,48441
2016,Terrell,0,#FFFFCC,48443
2016,Terry,6,#FFCD5B,48445
2016,Throckmorton,0,#FFFFCC,48447
2016,Titus,4,#FFD66E,48449
2016,Tom Green,80,#FF7B00,48451
2016,Travis,263,#FF4300,48453
2016,Trinity,2,#FFE38C,48455
2016,Tyler,1,#FFEDA4,48457
2016,Upshur,9,#FFC446,48459
2016,Upton,3,#FFDB7B,48461
2016,Uvalde,10,#FFC140,48463
2016,Val Verde,4,#FFD66E,48465
2016,Van Zandt,26,#FFAA0C,48467
2016,Victoria,24,#FFAC10,48469
2016,Walker,9,#FFC446,48471
2016,Waller,4,#FFD66E,48473
2016,Ward,1,#FFEDA4,48475
2016,Washington,8,#FFC64C,48477
2016,Webb,51,#FF9000,48479
2016,Wharton,5,#FFD164,48481
2016,Wheeler,5,#FFD164,48483
2016,Wichita,46,#FF9400,48485
2016,Wilbarger,1,#FFEDA4,48487
2016,Willacy,10,#FFC140,48489
2016,Williamson,84,#FF7800,48491
2016,Wilson,13,#FFBB32,48493
2016,Winkler,0,#FFFFCC,48495
2016,Wise,11,#FFBF3B,48497
2016,Wood,25,#FFAB0E,48499
2016,Yoakum,2,#FFE38C,48501
2016,Young,2,#FFE38C,48503
2016,Zapata,0,#FFFFCC,48505
2016,Zavala,8,#FFC64C,48507
2017,Anderson,7,#FFCA53,48001
2017,Andrews,15,#FFB82A,48003
2017,Angelina,40,#FF9B00,48005
2017,Aransas,7,#FFCA53,48007
2017,Archer,0,#FFFFCC,48009
2017,Armstrong,0,#FFFFCC,48011
2017,Atascosa,32,#FFA500,48013
2017,Austin,2,#FFE38C,48015
2017,Bailey,5,#FFD164,48017
2017,Bandera,1,#FFEDA4,48019
2017,Bastrop,27,#FFA90A,48021
2017,Baylor,0,#FFFFCC,48023
2017,Bee,7,#FFCA53,48025
2017,Bell,88,#FF7600,48027
2017,Bexar,682,#FF1600,48029
2017,Blanco,11,#FFBF3B,48031
2017,Borden,0,#FFFFCC,48033
2017,Bosque,10,#FFC140,48035
2017,Bowie,13,#FFBB32,48037
2017,Brazoria,20,#FFB11A,48039
2017,Brazos,21,#FFAF18,48041
2017,Brewster,0,#FFFFCC,48043
2017,Briscoe,1,#FFEDA4,48045
2017,Brooks,0,#FFFFCC,48047
2017,Brown,28,#FFA808,48049
2017,Burleson,8,#FFC64C,48051
2017,Burnet,24,#FFAC10,48053
2017,Caldwell,18,#FFB320,48055
2017,Calhoun,4,#FFD66E,48057
2017,Callahan,4,#FFD66E,48059
2017,Cameron,24,#FFAC10,48061
2017,Camp,2,#FFE38C,48063
2017,Carson,3,#FFDB7B,48065
2017,Cass,7,#FFCA53,48067
2017,Castro,0,#FFFFCC,48069
2017,Chambers,1,#FFEDA4,48071
2017,Cherokee,15,#FFB82A,48073
2017,Childress,1,#FFEDA4,48075
2017,Clay,2,#FFE38C,48077
2017,Cochran,0,#FFFFCC,48079
2017,Coke,2,#FFE38C,48081
2017,Coleman,1,#FFEDA4,48083
2017,Collin,63,#FF8600,48085
2017,Collingsworth,1,#FFEDA4,48087
2017,Colorado,2,#FFE38C,48089
2017,Comal,37,#FF9E00,48091
2017,Comanche,5,#FFD164,48093
2017,Concho,0,#FFFFCC,48095
2017,Cooke,12,#FFBD36,48097
2017,Coryell,28,#FFA808,48099
2017,Cottle,0,#FFFFCC,48101
2017,Crane,0,#FFFFCC,48103
2017,Crockett,4,#FFD66E,48105
2017,Crosby,7,#FFCA53,48107
2017,Culberson,0,#FFFFCC,48109
2017,Dallam,3,#FFDB7B,48111
2017,Dallas,331,#FF3800,48113
2017,Dawson,5,#FFD164,48115
2017,Deaf Smith,6,#FFCD5B,48117
2017,Delta,0,#FFFFCC,48119
2017,Denton,102,#FF6F00,48121
2017,Dewitt,0,#FFFFCC,48123
2017,Dickens,2,#FFE38C,48125
2017,Dimmit,3,#FFDB7B,48127
2017,Donley,7,#FFCA53,48129
2017,Duval,2,#FFE38C,48131
2017,Eastland,2,#FFE38C,48133
2017,Ector,74,#FF7E00,48135
2017,Edwards,0,#FFFFCC,48137
2017,Ellis,31,#FFA602,48139
2017,El Paso,112,#FF6B00,48141
2017,Erath,3,#FFDB7B,48143
2017,Falls,2,#FFE38C,48145
2017,Fannin,5,#FFD164,48147
2017,Fayette,18,#FFB320,48149
2017,Fisher,1,#FFEDA4,48151
2017,Floyd,1,#FFEDA4,48153
2017,Foard,0,#FFFFCC,48155
2017,Fort Bend,26,#FFAA0C,48157
2017,Franklin,3,#FFDB7B,48159
2017,Freestone,0,#FFFFCC,48161
2017,Frio,15,#FFB82A,48163
2017,Gaines,2,#FFE38C,48165
2017,Galveston,63,#FF8600,48167
2017,Garza,3,#FFDB7B,48169
2017,Gillespie,11,#FFBF3B,48171
2017,Glasscock,0,#FFFFCC,48173
2017,Goliad,0,#FFFFCC,48175
2017,Gonzales,10,#FFC140,48177
2017,Gray,6,#FFCD5B,48179
2017,Grayson,11,#FFBF3B,48181
2017,Gregg,40,#FF9B00,48183
2017,Grimes,7,#FFCA53,48185
2017,Guadalupe,37,#FF9E00,48187
2017,Hale,14,#FFB92E,48189
2017,Hall,0,#FFFFCC,48191
2017,Hamilton,0,#FFFFCC,48193
2017,Hansford,5,#FFD164,48195
2017,Hardeman,0,#FFFFCC,48197
2017,Hardin,9,#FFC446,48199
2017,Harris,644,#FF1900,48201
2017,Harrison,13,#FFBB32,48203
2017,Hartley,2,#FFE38C,48205
2017,Haskell,3,#FFDB7B,48207
2017,Hays,54,#FF8D00,48209
2017,Hemphill,2,#FFE38C,48211
2017,Henderson,31,#FFA602,48213
2017,Hidalgo,27,#FFA90A,48215
2017,Hill,10,#FFC140,48217
2017,Hockley,8,#FFC64C,48219
2017,Hood,14,#FFB92E,48221
2017,Hopkins,27,#FFA90A,48223
2017,Houston,3,#FFDB7B,48225
2017,Howard,11,#FFBF3B,48227
2017,Hudspeth,0,#FFFFCC,48229
2017,Hunt,54,#FF8D00,48231
2017,Hutchinson,9,#FFC446,48233
2017,Irion,0,#FFFFCC,48235
2017,Jack,0,#FFFFCC,48237
2017,Jackson,0,#FFFFCC,48239
2017,Jasper,15,#FFB82A,48241
2017,Jeff Davis,0,#FFFFCC,48243
2017,Jefferson,51,#FF9000,48245
2017,Jim Hogg,0,#FFFFCC,48247
2017,Jim Wells,9,#FFC446,48249
2017,Johnson,47,#FF9300,48251
2017,Jones,2,#FFE38C,48253
2017,Karnes,9,#FFC446,48255
2017,Kaufman,17,#FFB523,48257
2017,Kendall,8,#FFC64C,48259
2017,Kenedy,0,#FFFFCC,48261
2017,Kent,0,#FFFFCC,48263
2017,Kerr,31,#FFA602,48265
2017,Kimble,1,#FFEDA4,48267
2017,King,0,#FFFFCC,48269
2017,Kinney,0,#FFFFCC,48271
2017,Kleberg,2,#FFE38C,48273
2017,Knox,0,#FFFFCC,48275
2017,Lamar,22,#FFAE15,48277
2017,Lamb,6,#FFCD5B,48279
2017,Lampasas,14,#FFB92E,48281
2017,La Salle,0,#FFFFCC,48283
2017,Lavaca,5,#FFD164,48285
2017,Lee,6,#FFCD5B,48287
2017,Leon,8,#FFC64C,48289
2017,Liberty,20,#FFB11A,48291
2017,Limestone,4,#FFD66E,48293
2017,Lipscomb,0,#FFFFCC,48295
2017,Live Oak,6,#FFCD5B,48297
2017,Llano,12,#FFBD36,48299
2017,Loving,0,#FFFFCC,48301
2017,Lubbock,205,#FF4F00,48303
2017,Lynn,3,#FFDB7B,48305
2017,Mcculloch,0,#FFFFCC,48307
2017,Mclennan,0,#FFFFCC,48309
2017,Mcmullen,0,#FFFFCC,48311
2017,Madison,0,#FFFFCC,48313
2017,Marion,0,#FFFFCC,48315
2017,Martin,0,#FFFFCC,48317
2017,Mason,1,#FFEDA4,48319
2017,Matagorda,3,#FFDB7B,48321
2017,Maverick,1,#FFEDA4,48323
2017,Medina,35,#FFA100,48325
2017,Menard,0,#FFFFCC,48327
2017,Midland,43,#FF9800,48329
2017,Milam,16,#FFB627,48331
2017,Mills,3,#FFDB7B,48333
2017,Mitchell,1,#FFEDA4,48335
2017,Montague,3,#FFDB7B,48337
2017,Montgomery,89,#FF7600,48339
2017,Moore,2,#FFE38C,48341
2017,Morris,1,#FFEDA4,48343
2017,Motley,0,#FFFFCC,48345
2017,Nacogdoches,35,#FFA100,48347
2017,Navarro,4,#FFD66E,48349
2017,Newton,7,#FFCA53,48351
2017,Nolan,1,#FFEDA4,48353
2017,Nueces,44,#FF9600,48355
2017,Ochiltree,0,#FFFFCC,48357
2017,Oldham,0,#FFFFCC,48359
2017,Orange,34,#FFA200,48361
2017,Palo Pinto,22,#FFAE15,48363
2017,Panola,0,#FFFFCC,48365
2017,Parker,30,#FFA704,48367
2017,Parmer,0,#FFFFCC,48369
2017,Pecos,2,#FFE38C,48371
2017,Polk,4,#FFD66E,48373
2017,Potter,45,#FF9500,48375
2017,Presidio,0,#FFFFCC,48377
2017,Rains,0,#FFFFCC,48379
2017,Randall,34,#FFA200,48381
2017,Reagan,0,#FFFFCC,48383
2017,Real,3,#FFDB7B,48385
2017,Red River,5,#FFD164,48387
2017,Reeves,0,#FFFFCC,48389
2017,Refugio,0,#FFFFCC,48391
2017,Roberts,0,#FFFFCC,48393
2017,Robertson,2,#FFE38C,48395
2017,Rockwall,6,#FFCD5B,48397
2017,Runnels,5,#FFD164,48399
2017,Rusk,8,#FFC64C,48401
2017,Sabine,1,#FFEDA4,48403
2017,San Augustine,0,#FFFFCC,48405
2017,San Jacinto,1,#FFEDA4,48407
2017,San Patricio,17,#FFB523,48409
2017,San Saba,6,#FFCD5B,48411
2017,Schleicher,0,#FFFFCC,48413
2017,Scurry,2,#FFE38C,48415
2017,Shackelford,0,#FFFFCC,48417
2017,Shelby,1,#FFEDA4,48419
2017,Sherman,1,#FFEDA4,48421
2017,Smith,60,#FF8800,48423
2017,Somervell,3,#FFDB7B,48425
2017,Starr,6,#FFCD5B,48427
2017,Stephens,1,#FFEDA4,48429
2017,Sterling,0,#FFFFCC,48431
2017,Stonewall,0,#FFFFCC,48433
2017,Sutton,0,#FFFFCC,48435
2017,Swisher,4,#FFD66E,48437
2017,Tarrant,318,#FF3A00,48439
2017,Taylor,46,#FF9400,48441
2017,Terrell,0,#FFFFCC,48443
2017,Terry,4,#FFD66E,48445
2017,Throckmorton,0,#FFFFCC,48447
2017,Titus,8,#FFC64C,48449
2017,Tom Green,57,#FF8B00,48451
2017,Travis,265,#FF4300,48453
2017,Trinity,7,#FFCA53,48455
2017,Tyler,7,#FFCA53,48457
2017,Upshur,7,#FFCA53,48459
2017,Upton,2,#FFE38C,48461
2017,Uvalde,8,#FFC64C,48463
2017,Val Verde,8,#FFC64C,48465
2017,Van Zandt,16,#FFB627,48467
2017,Victoria,23,#FFAD13,48469
2017,Walker,6,#FFCD5B,48471
2017,Waller,4,#FFD66E,48473
2017,Ward,0,#FFFFCC,48475
2017,Washington,0,#FFFFCC,48477
2017,Webb,37,#FF9E00,48479
2017,Wharton,7,#FFCA53,48481
2017,Wheeler,0,#FFFFCC,48483
2017,Wichita,38,#FF9D00,48485
2017,Wilbarger,0,#FFFFCC,48487
2017,Willacy,1,#FFEDA4,48489
2017,Williamson,81,#FF7A00,48491
2017,Wilson,24,#FFAC10,48493
2017,Winkler,0,#FFFFCC,48495
2017,Wise,14,#FFB92E,48497
2017,Wood,12,#FFBD36,48499
2017,Yoakum,0,#FFFFCC,48501
2017,Young,8,#FFC64C,48503
2017,Zapata,0,#FFFFCC,48505
2017,Zavala,3,#FFDB7B,48507
2018,Anderson,2,#FFE38C,48001
2018,Andrews,1,#FFEDA4,48003
2018,Angelina,21,#FFAF18,48005
2018,Aransas,14,#FFB92E,48007
2018,Archer,1,#FFEDA4,48009
2018,Armstrong,0,#FFFFCC,48011
2018,Atascosa,26,#FFAA0C,48013
2018,Austin,1,#FFEDA4,48015
2018,Bailey,1,#FFEDA4,48017
2018,Bandera,9,#FFC446,48019
2018,Bastrop,39,#FF9C00,48021
2018,Baylor,1,#FFEDA4,48023
2018,Bee,8,#FFC64C,48025
2018,Bell,115,#FF6A00,48027
2018,Bexar,818,#FF0E00,48029
2018,Blanco,1,#FFEDA4,48031
2018,Borden,0,#FFFFCC,48033
2018,Bosque,9,#FFC446,48035
2018,Bowie,11,#FFBF3B,48037
2018,Brazoria,16,#FFB627,48039
2018,Brazos,21,#FFAF18,48041
2018,Brewster,2,#FFE38C,48043
2018,Briscoe,0,#FFFFCC,48045
2018,Brooks,0,#FFFFCC,48047
2018,Brown,33,#FFA400,48049
2018,Burleson,7,#FFCA53,48051
2018,Burnet,32,#FFA500,48053
2018,Caldwell,13,#FFBB32,48055
2018,Calhoun,4,#FFD66E,48057
2018,Callahan,4,#FFD66E,48059
2018,Cameron,34,#FFA200,48061
2018,Camp,3,#FFDB7B,48063
2018,Carson,1,#FFEDA4,48065
2018,Cass,2,#FFE38C,48067
2018,Castro,0,#FFFFCC,48069
2018,Chambers,3,#FFDB7B,48071
2018,Cherokee,24,#FFAC10,48073
2018,Childress,6,#FFCD5B,48075
2018,Clay,0,#FFFFCC,48077
2018,Cochran,0,#FFFFCC,48079
2018,Coke,2,#FFE38C,48081
2018,Coleman,1,#FFEDA4,48083
2018,Collin,90,#FF7500,48085
2018,Collingsworth,2,#FFE38C,48087
2018,Colorado,8,#FFC64C,48089
2018,Comal,56,#FF8B00,48091
2018,Comanche,3,#FFDB7B,48093
2018,Concho,2,#FFE38C,48095
2018,Cooke,15,#FFB82A,48097
2018,Coryell,7,#FFCA53,48099
2018,Cottle,0,#FFFFCC,48101
2018,Crane,0,#FFFFCC,48103
2018,Crockett,2,#FFE38C,48105
2018,Crosby,13,#FFBB32,48107
2018,Culberson,0,#FFFFCC,48109
2018,Dallam,1,#FFEDA4,48111
2018,Dallas,330,#FF3800,48113
2018,Dawson,4,#FFD66E,48115
2018,Deaf Smith,4,#FFD66E,48117
2018,Delta,0,#FFFFCC,48119
2018,Denton,83,#FF7900,48121
2018,Dewitt,0,#FFFFCC,48123
2018,Dickens,0,#FFFFCC,48125
2018,Dimmit,8,#FFC64C,48127
2018,Donley,0,#FFFFCC,48129
2018,Duval,4,#FFD66E,48131
2018,Eastland,5,#FFD164,48133
2018,Ector,55,#FF8C00,48135
2018,Edwards,0,#FFFFCC,48137
2018,Ellis,19,#FFB21D,48139
2018,El Paso,68,#FF8200,48141
2018,Erath,7,#FFCA53,48143
2018,Falls,2,#FFE38C,48145
2018,Fannin,14,#FFB92E,48147
2018,Fayette,4,#FFD66E,48149
2018,Fisher,3,#FFDB7B,48151
2018,Floyd,3,#FFDB7B,48153
2018,Foard,0,#FFFFCC,48155
2018,Fort Bend,39,#FF9C00,48157
2018,Franklin,0,#FFFFCC,48159
2018,Freestone,3,#FFDB7B,48161
2018,Frio,32,#FFA500,48163
2018,Gaines,5,#FFD164,48165
2018,Galveston,57,#FF8B00,48167
2018,Garza,0,#FFFFCC,48169
2018,Gillespie,6,#FFCD5B,48171
2018,Glasscock,0,#FFFFCC,48173
2018,Goliad,0,#FFFFCC,48175
2018,Gonzales,7,#FFCA53,48177
2018,Gray,7,#FFCA53,48179
2018,Grayson,41,#FF9A00,48181
2018,Gregg,34,#FFA200,48183
2018,Grimes,4,#FFD66E,48185
2018,Guadalupe,32,#FFA500,48187
2018,Hale,2,#FFE38C,48189
2018,Hall,0,#FFFFCC,48191
2018,Hamilton,4,#FFD66E,48193
2018,Hansford,2,#FFE38C,48195
2018,Hardeman,0,#FFFFCC,48197
2018,Hardin,4,#FFD66E,48199
2018,Harris,637,#FF1900,48201
2018,Harrison,7,#FFCA53,48203
2018,Hartley,0,#FFFFCC,48205
2018,Haskell,2,#FFE38C,48207
2018,Hays,51,#FF9000,48209
2018,Hemphill,0,#FFFFCC,48211
2018,Henderson,24,#FFAC10,48213
2018,Hidalgo,29,#FFA806,48215
2018,Hill,16,#FFB627,48217
2018,Hockley,18,#FFB320,48219
2018,Hood,8,#FFC64C,48221
2018,Hopkins,20,#FFB11A,48223
2018,Houston,15,#FFB82A,48225
2018,Howard,14,#FFB92E,48227
2018,Hudspeth,0,#FFFFCC,48229
2018,Hunt,53,#FF8E00,48231
2018,Hutchinson,13,#FFBB32,48233
2018,Irion,0,#FFFFCC,48235
2018,Jack,5,#FFD164,48237
2018,Jackson,7,#FFCA53,48239
2018,Jasper,23,#FFAD13,48241
2018,Jeff Davis,0,#FFFFCC,48243
2018,Jefferson,75,#FF7E00,48245
2018,Jim Hogg,0,#FFFFCC,48247
2018,Jim Wells,11,#FFBF3B,48249
2018,Johnson,61,#FF8700,48251
2018,Jones,0,#FFFFCC,48253
2018,Karnes,8,#FFC64C,48255
2018,Kaufman,37,#FF9E00,48257
2018,Kendall,8,#FFC64C,48259
2018,Kenedy,0,#FFFFCC,48261
2018,Kent,0,#FFFFCC,48263
2018,Kerr,10,#FFC140,48265
2018,Kimble,0,#FFFFCC,48267
2018,King,0,#FFFFCC,48269
2018,Kinney,0,#FFFFCC,48271
2018,Kleberg,13,#FFBB32,48273
2018,Knox,0,#FFFFCC,48275
2018,Lamar,14,#FFB92E,48277
2018,Lamb,0,#FFFFCC,48279
2018,Lampasas,8,#FFC64C,48281
2018,La Salle,2,#FFE38C,48283
2018,Lavaca,7,#FFCA53,48285
2018,Lee,1,#FFEDA4,48287
2018,Leon,2,#FFE38C,48289
2018,Liberty,45,#FF9500,48291
2018,Limestone,7,#FFCA53,48293
2018,Lipscomb,0,#FFFFCC,48295
2018,Live Oak,2,#FFE38C,48297
2018,Llano,4,#FFD66E,48299
2018,Loving,0,#FFFFCC,48301
2018,Lubbock,227,#FF4A00,48303
2018,Lynn,1,#FFEDA4,48305
2018,Mcculloch,0,#FFFFCC,48307
2018,Mclennan,0,#FFFFCC,48309
2018,Mcmullen,0,#FFFFCC,48311
2018,Madison,2,#FFE38C,48313
2018,Marion,1,#FFEDA4,48315
2018,Martin,0,#FFFFCC,48317
2018,Mason,0,#FFFFCC,48319
2018,Matagorda,3,#FFDB7B,48321
2018,Maverick,0,#FFFFCC,48323
2018,Medina,20,#FFB11A,48325
2018,Menard,5,#FFD164,48327
2018,Midland,28,#FFA808,48329
2018,Milam,11,#FFBF3B,48331
2018,Mills,2,#FFE38C,48333
2018,Mitchell,0,#FFFFCC,48335
2018,Montague,9,#FFC446,48337
2018,Montgomery,92,#FF7400,48339
2018,Moore,8,#FFC64C,48341
2018,Morris,3,#FFDB7B,48343
2018,Motley,0,#FFFFCC,48345
2018,Nacogdoches,24,#FFAC10,48347
2018,Navarro,14,#FFB92E,48349
2018,Newton,6,#FFCD5B,48351
2018,Nolan,2,#FFE38C,48353
2018,Nueces,75,#FF7E00,48355
2018,Ochiltree,0,#FFFFCC,48357
2018,Oldham,0,#FFFFCC,48359
2018,Orange,32,#FFA500,48361
2018,Palo Pinto,31,#FFA602,48363
2018,Panola,12,#FFBD36,48365
2018,Parker,39,#FF9C00,48367
2018,Parmer,4,#FFD66E,48369
2018,Pecos,1,#FFEDA4,48371
2018,Polk,7,#FFCA53,48373
2018,Potter,46,#FF9400,48375
2018,Presidio,0,#FFFFCC,48377
2018,Rains,6,#FFCD5B,48379
2018,Randall,47,#FF9300,48381
2018,Reagan,0,#FFFFCC,48383
2018,Real,3,#FFDB7B,48385
2018,Red River,2,#FFE38C,48387
2018,Reeves,3,#FFDB7B,48389
2018,Refugio,0,#FFFFCC,48391
2018,Roberts,0,#FFFFCC,48393
2018,Robertson,3,#FFDB7B,48395
2018,Rockwall,8,#FFC64C,48397
2018,Runnels,4,#FFD66E,48399
2018,Rusk,11,#FFBF3B,48401
2018,Sabine,5,#FFD164,48403
2018,San Augustine,0,#FFFFCC,48405
2018,San Jacinto,0,#FFFFCC,48407
2018,San Patricio,24,#FFAC10,48409
2018,San Saba,2,#FFE38C,48411
2018,Schleicher,0,#FFFFCC,48413
2018,Scurry,0,#FFFFCC,48415
2018,Shackelford,0,#FFFFCC,48417
2018,Shelby,4,#FFD66E,48419
2018,Sherman,0,#FFFFCC,48421
2018,Smith,64,#FF8500,48423
2018,Somervell,2,#FFE38C,48425
2018,Starr,3,#FFDB7B,48427
2018,Stephens,0,#FFFFCC,48429
2018,Sterling,0,#FFFFCC,48431
2018,Stonewall,0,#FFFFCC,48433
2018,Sutton,4,#FFD66E,48435
2018,Swisher,4,#FFD66E,48437
2018,Tarrant,344,#FF3600,48439
2018,Taylor,39,#FF9C00,48441
2018,Terrell,0,#FFFFCC,48443
2018,Terry,5,#FFD164,48445
2018,Throckmorton,0,#FFFFCC,48447
2018,Titus,3,#FFDB7B,48449
2018,Tom Green,46,#FF9400,48451
2018,Travis,245,#FF4600,48453
2018,Trinity,2,#FFE38C,48455
2018,Tyler,6,#FFCD5B,48457
2018,Upshur,12,#FFBD36,48459
2018,Upton,0,#FFFFCC,48461
2018,Uvalde,20,#FFB11A,48463
2018,Val Verde,5,#FFD164,48465
2018,Van Zandt,31,#FFA602,48467
2018,Victoria,22,#FFAE15,48469
2018,Walker,7,#FFCA53,48471
2018,Waller,7,#FFCA53,48473
2018,Ward,3,#FFDB7B,48475
2018,Washington,2,#FFE38C,48477
2018,Webb,30,#FFA704,48479
2018,Wharton,5,#FFD164,48481
2018,Wheeler,0,#FFFFCC,48483
2018,Wichita,39,#FF9C00,48485
2018,Wilbarger,1,#FFEDA4,48487
2018,Willacy,4,#FFD66E,48489
2018,Williamson,78,#FF7C00,48491
2018,Wilson,5,#FFD164,48493
2018,Winkler,3,#FFDB7B,48495
2018,Wise,17,#FFB523,48497
2018,Wood,9,#FFC446,48499
2018,Yoakum,4,#FFD66E,48501
2018,Young,17,#FFB523,48503
2018,Zapata,1,#FFEDA4,48505
2018,Zavala,2,#FFE38C,48507
2019,Anderson,10,#FFC140,48001
2019,Andrews,2,#FFE38C,48003
2019,Angelina,35,#FFA100,48005
2019,Aransas,30,#FFA704,48007
2019,Archer,0,#FFFFCC,48009
2019,Armstrong,0,#FFFFCC,48011
2019,Atascosa,27,#FFA90A,48013
2019,Austin,0,#FFFFCC,48015
2019,Bailey,0,#FFFFCC,48017
2019,Bandera,8,#FFC64C,48019
2019,Bastrop,23,#FFAD13,48021
2019,Baylor,0,#FFFFCC,48023
2019,Bee,10,#FFC140,48025
2019,Bell,160,#FF5A00,48027
2019,Bexar,906,#FF0900,48029
2019,Blanco,2,#FFE38C,48031
2019,Borden,0,#FFFFCC,48033
2019,Bosque,9,#FFC446,48035
2019,Bowie,15,#FFB82A,48037
2019,Brazoria,33,#FFA400,48039
2019,Brazos,41,#FF9A00,48041
2019,Brewster,1,#FFEDA4,48043
2019,Briscoe,0,#FFFFCC,48045
2019,Brooks,4,#FFD66E,48047
2019,Brown,26,#FFAA0C,48049
2019,Burleson,1,#FFEDA4,48051
2019,Burnet,19,#FFB21D,48053
2019,Caldwell,28,#FFA808,48055
2019,Calhoun,2,#FFE38C,48057
2019,Callahan,1,#FFEDA4,48059
2019,Cameron,48,#FF9200,48061
2019,Camp,1,#FFEDA4,48063
2019,Carson,4,#FFD66E,48065
2019,Cass,2,#FFE38C,48067
2019,Castro,2,#FFE38C,48069
2019,Chambers,6,#FFCD5B,48071
2019,Cherokee,22,#FFAE15,48073
2019,Childress,2,#FFE38C,48075
2019,Clay,1,#FFEDA4,48077
2019,Cochran,0,#FFFFCC,48079
2019,Coke,6,#FFCD5B,48081
2019,Coleman,7,#FFCA53,48083
2019,Collin,66,#FF8400,48085
2019,Collingsworth,0,#FFFFCC,48087
2019,Colorado,5,#FFD164,48089
2019,Comal,50,#FF9100,48091
2019,Comanche,2,#FFE38C,48093
2019,Concho,0,#FFFFCC,48095
2019,Cooke,27,#FFA90A,48097
2019,Coryell,19,#FFB21D,48099
2019,Cottle,0,#FFFFCC,48101
2019,Crane,3,#FFDB7B,48103
2019,Crockett,0,#FFFFCC,48105
2019,Crosby,2,#FFE38C,48107
2019,Culberson,0,#FFFFCC,48109
2019,Dallam,2,#FFE38C,48111
2019,Dallas,327,#FF3900,48113
2019,Dawson,0,#FFFFCC,48115
2019,Deaf Smith,10,#FFC140,48117
2019,Delta,6,#FFCD5B,48119
2019,Denton,104,#FF6F00,48121
2019,Dewitt,0,#FFFFCC,48123
2019,Dickens,0,#FFFFCC,48125
2019,Dimmit,2,#FFE38C,48127
2019,Donley,2,#FFE38C,48129
2019,Duval,0,#FFFFCC,48131
2019,Eastland,5,#FFD164,48133
2019,Ector,44,#FF9600,48135
2019,Edwards,0,#FFFFCC,48137
2019,Ellis,31,#FFA602,48139
2019,El Paso,99,#FF7100,48141
2019,Erath,9,#FFC446,48143
2019,Falls,4,#FFD66E,48145
2019,Fannin,11,#FFBF3B,48147
2019,Fayette,2,#FFE38C,48149
2019,Fisher,0,#FFFFCC,48151
2019,Floyd,4,#FFD66E,48153
2019,Foard,0,#FFFFCC,48155
2019,Fort Bend,38,#FF9D00,48157
2019,Franklin,3,#FFDB7B,48159
2019,Freestone,7,#FFCA53,48161
2019,Frio,16,#FFB627,48163
2019,Gaines,4,#FFD66E,48165
2019,Galveston,60,#FF8800,48167
2019,Garza,0,#FFFFCC,48169
2019,Gillespie,3,#FFDB7B,48171
2019,Glasscock,0,#FFFFCC,48173
2019,Goliad,0,#FFFFCC,48175
2019,Gonzales,1,#FFEDA4,48177
2019,Gray,12,#FFBD36,48179
2019,Grayson,47,#FF9300,48181
2019,Gregg,32,#FFA500,48183
2019,Grimes,5,#FFD164,48185
2019,Guadalupe,48,#FF9200,48187
2019,Hale,3,#FFDB7B,48189
2019,Hall,1,#FFEDA4,48191
2019,Hamilton,0,#FFFFCC,48193
2019,Hansford,0,#FFFFCC,48195
2019,Hardeman,0,#FFFFCC,48197
2019,Hardin,13,#FFBB32,48199
2019,Harris,786,#FF1000,48201
2019,Harrison,16,#FFB627,48203
2019,Hartley,0,#FFFFCC,48205
2019,Haskell,1,#FFEDA4,48207
2019,Hays,62,#FF8700,48209
2019,Hemphill,3,#FFDB7B,48211
2019,Henderson,42,#FF9900,48213
2019,Hidalgo,27,#FFA90A,48215
2019,Hill,19,#FFB21D,48217
2019,Hockley,21,#FFAF18,48219
2019,Hood,13,#FFBB32,48221
2019,Hopkins,12,#FFBD36,48223
2019,Houston,16,#FFB627,48225
2019,Howard,10,#FFC140,48227
2019,Hudspeth,0,#FFFFCC,48229
2019,Hunt,44,#FF9600,48231
2019,Hutchinson,1,#FFEDA4,48233
2019,Irion,0,#FFFFCC,48235
2019,Jack,2,#FFE38C,48237
2019,Jackson,5,#FFD164,48239
2019,Jasper,37,#FF9E00,48241
2019,Jeff Davis,0,#FFFFCC,48243
2019,Jefferson,81,#FF7A00,48245
2019,Jim Hogg,0,#FFFFCC,48247
2019,Jim Wells,13,#FFBB32,48249
2019,Johnson,54,#FF8D00,48251
2019,Jones,9,#FFC446,48253
2019,Karnes,0,#FFFFCC,48255
2019,Kaufman,45,#FF9500,48257
2019,Kendall,2,#FFE38C,48259
2019,Kenedy,0,#FFFFCC,48261
2019,Kent,0,#FFFFCC,48263
2019,Kerr,12,#FFBD36,48265
2019,Kimble,3,#FFDB7B,48267
2019,King,0,#FFFFCC,48269
2019,Kinney,0,#FFFFCC,48271
2019,Kleberg,2,#FFE38C,48273
2019,Knox,0,#FFFFCC,48275
2019,Lamar,11,#FFBF3B,48277
2019,Lamb,4,#FFD66E,48279
2019,Lampasas,1,#FFEDA4,48281
2019,La Salle,1,#FFEDA4,48283
2019,Lavaca,8,#FFC64C,48285
2019,Lee,3,#FFDB7B,48287
2019,Leon,1,#FFEDA4,48289
2019,Liberty,36,#FFA000,48291
2019,Limestone,4,#FFD66E,48293
2019,Lipscomb,0,#FFFFCC,48295
2019,Live Oak,7,#FFCA53,48297
2019,Llano,7,#FFCA53,48299
2019,Loving,0,#FFFFCC,48301
2019,Lubbock,206,#FF4F00,48303
2019,Lynn,2,#FFE38C,48305
2019,Mcculloch,0,#FFFFCC,48307
2019,Mclennan,0,#FFFFCC,48309
2019,Mcmullen,0,#FFFFCC,48311
2019,Madison,4,#FFD66E,48313
2019,Marion,1,#FFEDA4,48315
2019,Martin,0,#FFFFCC,48317
2019,Mason,1,#FFEDA4,48319
2019,Matagorda,8,#FFC64C,48321
2019,Maverick,0,#FFFFCC,48323
2019,Medina,21,#FFAF18,48325
2019,Menard,0,#FFFFCC,48327
2019,Midland,41,#FF9A00,48329
2019,Milam,10,#FFC140,48331
2019,Mills,0,#FFFFCC,48333
2019,Mitchell,0,#FFFFCC,48335
2019,Montague,13,#FFBB32,48337
2019,Montgomery,119,#FF6800,48339
2019,Moore,3,#FFDB7B,48341
2019,Morris,1,#FFEDA4,48343
2019,Motley,0,#FFFFCC,48345
2019,Nacogdoches,12,#FFBD36,48347
2019,Navarro,13,#FFBB32,48349
2019,Newton,2,#FFE38C,48351
2019,Nolan,9,#FFC446,48353
2019,Nueces,68,#FF8200,48355
2019,Ochiltree,5,#FFD164,48357
2019,Oldham,0,#FFFFCC,48359
2019,Orange,35,#FFA100,48361
2019,Palo Pinto,28,#FFA808,48363
2019,Panola,3,#FFDB7B,48365
2019,Parker,37,#FF9E00,48367
2019,Parmer,2,#FFE38C,48369
2019,Pecos,0,#FFFFCC,48371
2019,Polk,11,#FFBF3B,48373
2019,Potter,76,#FF7D00,48375
2019,Presidio,0,#FFFFCC,48377
2019,Rains,12,#FFBD36,48379
2019,Randall,50,#FF9100,48381
2019,Reagan,1,#FFEDA4,48383
2019,Real,5,#FFD164,48385
2019,Red River,3,#FFDB7B,48387
2019,Reeves,1,#FFEDA4,48389
2019,Refugio,1,#FFEDA4,48391
2019,Roberts,0,#FFFFCC,48393
2019,Robertson,8,#FFC64C,48395
2019,Rockwall,2,#FFE38C,48397
2019,Runnels,2,#FFE38C,48399
2019,Rusk,14,#FFB92E,48401
2019,Sabine,6,#FFCD5B,48403
2019,San Augustine,1,#FFEDA4,48405
2019,San Jacinto,1,#FFEDA4,48407
2019,San Patricio,17,#FFB523,48409
2019,San Saba,7,#FFCA53,48411
2019,Schleicher,1,#FFEDA4,48413
2019,Scurry,6,#FFCD5B,48415
2019,Shackelford,1,#FFEDA4,48417
2019,Shelby,3,#FFDB7B,48419
2019,Sherman,2,#FFE38C,48421
2019,Smith,49,#FF9200,48423
2019,Somervell,2,#FFE38C,48425
2019,Starr,2,#FFE38C,48427
2019,Stephens,7,#FFCA53,48429
2019,Sterling,0,#FFFFCC,48431
2019,Stonewall,0,#FFFFCC,48433
2019,Sutton,0,#FFFFCC,48435
2019,Swisher,3,#FFDB7B,48437
2019,Tarrant,273,#FF4100,48439
2019,Taylor,42,#FF9900,48441
2019,Terrell,0,#FFFFCC,48443
2019,Terry,0,#FFFFCC,48445
2019,Throckmorton,0,#FFFFCC,48447
2019,Titus,5,#FFD164,48449
2019,Tom Green,42,#FF9900,48451
2019,Travis,233,#FF4900,48453
2019,Trinity,4,#FFD66E,48455
2019,Tyler,7,#FFCA53,48457
2019,Upshur,13,#FFBB32,48459
2019,Upton,0,#FFFFCC,48461
2019,Uvalde,9,#FFC446,48463
2019,Val Verde,3,#FFDB7B,48465
2019,Van Zandt,16,#FFB627,48467
2019,Victoria,14,#FFB92E,48469
2019,Walker,7,#FFCA53,48471
2019,Waller,11,#FFBF3B,48473
2019,Ward,0,#FFFFCC,48475
2019,Washington,8,#FFC64C,48477
2019,Webb,32,#FFA500,48479
2019,Wharton,11,#FFBF3B,48481
2019,Wheeler,3,#FFDB7B,48483
2019,Wichita,45,#FF9500,48485
2019,Wilbarger,6,#FFCD5B,48487
2019,Willacy,6,#FFCD5B,48489
2019,Williamson,122,#FF6700,48491
2019,Wilson,5,#FFD164,48493
2019,Winkler,1,#FFEDA4,48495
2019,Wise,10,#FFC140,48497
2019,Wood,9,#FFC446,48499
2019,Yoakum,0,#FFFFCC,48501
2019,Young,12,#FFBD36,48503
2019,Zapata,0,#FFFFCC,48505
2019,Zavala,3,#FFDB7B,48507
2020,Anderson,16,#FFB627,48001
2020,Andrews,1,#FFEDA4,48003
2020,Angelina,41,#FF9A00,48005
2020,Aransas,19,#FFB21D,48007
2020,Archer,2,#FFE38C,48009
2020,Armstrong,0,#FFFFCC,48011
2020,Atascosa,37,#FF9E00,48013
2020,Austin,5,#FFD164,48015
2020,Bailey,0,#FFFFCC,48017
2020,Bandera,8,#FFC64C,48019
2020,Bastrop,32,#FFA500,48021
2020,Baylor,1,#FFEDA4,48023
2020,Bee,9,#FFC446,48025
2020,Bell,106,#FF6E00,48027
2020,Bexar,804,#FF0E00,48029
2020,Blanco,7,#FFCA53,48031
2020,Borden,0,#FFFFCC,48033
2020,Bosque,7,#FFCA53,48035
2020,Bowie,10,#FFC140,48037
2020,Brazoria,35,#FFA100,48039
2020,Brazos,34,#FFA200,48041
2020,Brewster,2,#FFE38C,48043
2020,Briscoe,1,#FFEDA4,48045
2020,Brooks,0,#FFFFCC,48047
2020,Brown,20,#FFB11A,48049
2020,Burleson,8,#FFC64C,48051
2020,Burnet,30,#FFA704,48053
2020,Caldwell,17,#FFB523,48055
2020,Calhoun,4,#FFD66E,48057
2020,Callahan,4,#FFD66E,48059
2020,Cameron,23,#FFAD13,48061
2020,Camp,0,#FFFFCC,48063
2020,Carson,4,#FFD66E,48065
2020,Cass,2,#FFE38C,48067
2020,Castro,0,#FFFFCC,48069
2020,Chambers,2,#FFE38C,48071
2020,Cherokee,12,#FFBD36,48073
2020,Childress,0,#FFFFCC,48075
2020,Clay,0,#FFFFCC,48077
2020,Cochran,0,#FFFFCC,48079
2020,Coke,0,#FFFFCC,48081
2020,Coleman,1,#FFEDA4,48083
2020,Collin,66,#FF8400,48085
2020,Collingsworth,4,#FFD66E,48087
2020,Colorado,1,#FFEDA4,48089
2020,Comal,34,#FFA200,48091
2020,Comanche,8,#FFC64C,48093
2020,Concho,1,#FFEDA4,48095
2020,Cooke,27,#FFA90A,48097
2020,Coryell,22,#FFAE15,48099
2020,Cottle,0,#FFFFCC,48101
2020,Crane,1,#FFEDA4,48103
2020,Crockett,0,#FFFFCC,48105
2020,Crosby,0,#FFFFCC,48107
2020,Culberson,0,#FFFFCC,48109
2020,Dallam,7,#FFCA53,48111
2020,Dallas,312,#FF3B00,48113
2020,Dawson,7,#FFCA53,48115
2020,Deaf Smith,1,#FFEDA4,48117
2020,Delta,2,#FFE38C,48119
2020,Denton,111,#FF6B00,48121
2020,Dewitt,0,#FFFFCC,48123
2020,Dickens,0,#FFFFCC,48125
2020,Dimmit,8,#FFC64C,48127
2020,Donley,5,#FFD164,48129
2020,Duval,2,#FFE38C,48131
2020,Eastland,7,#FFCA53,48133
2020,Ector,49,#FF9200,48135
2020,Edwards,0,#FFFFCC,48137
2020,Ellis,27,#FFA90A,48139
2020,El Paso,63,#FF8600,48141
2020,Erath,1,#FFEDA4,48143
2020,Falls,0,#FFFFCC,48145
2020,Fannin,11,#FFBF3B,48147
2020,Fayette,6,#FFCD5B,48149
2020,Fisher,0,#FFFFCC,48151
2020,Floyd,0,#FFFFCC,48153
2020,Foard,0,#FFFFCC,48155
2020,Fort Bend,46,#FF9400,48157
2020,Franklin,0,#FFFFCC,48159
2020,Freestone,3,#FFDB7B,48161
2020,Frio,7,#FFCA53,48163
2020,Gaines,11,#FFBF3B,48165
2020,Galveston,53,#FF8E00,48167
2020,Garza,1,#FFEDA4,48169
2020,Gillespie,0,#FFFFCC,48171
2020,Glasscock,0,#FFFFCC,48173
2020,Goliad,2,#FFE38C,48175
2020,Gonzales,3,#FFDB7B,48177
2020,Gray,3,#FFDB7B,48179
2020,Grayson,19,#FFB21D,48181
2020,Gregg,41,#FF9A00,48183
2020,Grimes,9,#FFC446,48185
2020,Guadalupe,28,#FFA808,48187
2020,Hale,12,#FFBD36,48189
2020,Hall,0,#FFFFCC,48191
2020,Hamilton,2,#FFE38C,48193
2020,Hansford,0,#FFFFCC,48195
2020,Hardeman,0,#FFFFCC,48197
2020,Hardin,18,#FFB320,48199
2020,Harris,592,#FF1D00,48201
2020,Harrison,13,#FFBB32,48203
2020,Hartley,2,#FFE38C,48205
2020,Haskell,2,#FFE38C,48207
2020,Hays,43,#FF9800,48209
2020,Hemphill,1,#FFEDA4,48211
2020,Henderson,37,#FF9E00,48213
2020,Hidalgo,28,#FFA808,48215
2020,Hill,16,#FFB627,48217
2020,Hockley,12,#FFBD36,48219
2020,Hood,7,#FFCA53,48221
2020,Hopkins,13,#FFBB32,48223
2020,Houston,9,#FFC446,48225
2020,Howard,11,#FFBF3B,48227
2020,Hudspeth,0,#FFFFCC,48229
2020,Hunt,44,#FF9600,48231
2020,Hutchinson,7,#FFCA53,48233
2020,Irion,0,#FFFFCC,48235
2020,Jack,0,#FFFFCC,48237
2020,Jackson,3,#FFDB7B,48239
2020,Jasper,11,#FFBF3B,48241
2020,Jeff Davis,0,#FFFFCC,48243
2020,Jefferson,70,#FF8100,48245
2020,Jim Hogg,4,#FFD66E,48247
2020,Jim Wells,7,#FFCA53,48249
2020,Johnson,40,#FF9B00,48251
2020,Jones,8,#FFC64C,48253
2020,Karnes,8,#FFC64C,48255
2020,Kaufman,23,#FFAD13,48257
2020,Kendall,8,#FFC64C,48259
2020,Kenedy,0,#FFFFCC,48261
2020,Kent,0,#FFFFCC,48263
2020,Kerr,15,#FFB82A,48265
2020,Kimble,0,#FFFFCC,48267
2020,King,0,#FFFFCC,48269
2020,Kinney,4,#FFD66E,48271
2020,Kleberg,6,#FFCD5B,48273
2020,Knox,0,#FFFFCC,48275
2020,Lamar,11,#FFBF3B,48277
2020,Lamb,8,#FFC64C,48279
2020,Lampasas,14,#FFB92E,48281
2020,La Salle,3,#FFDB7B,48283
2020,Lavaca,10,#FFC140,48285
2020,Lee,2,#FFE38C,48287
2020,Leon,4,#FFD66E,48289
2020,Liberty,22,#FFAE15,48291
2020,Limestone,5,#FFD164,48293
2020,Lipscomb,0,#FFFFCC,48295
2020,Live Oak,2,#FFE38C,48297
2020,Llano,4,#FFD66E,48299
2020,Loving,0,#FFFFCC,48301
2020,Lubbock,151,#FF5D00,48303
2020,Lynn,0,#FFFFCC,48305
2020,Mcculloch,0,#FFFFCC,48307
2020,Mclennan,0,#FFFFCC,48309
2020,Mcmullen,0,#FFFFCC,48311
2020,Madison,8,#FFC64C,48313
2020,Marion,3,#FFDB7B,48315
2020,Martin,0,#FFFFCC,48317
2020,Mason,0,#FFFFCC,48319
2020,Matagorda,11,#FFBF3B,48321
2020,Maverick,3,#FFDB7B,48323
2020,Medina,18,#FFB320,48325
2020,Menard,0,#FFFFCC,48327
2020,Midland,34,#FFA200,48329
2020,Milam,15,#FFB82A,48331
2020,Mills,2,#FFE38C,48333
2020,Mitchell,2,#FFE38C,48335
2020,Montague,7,#FFCA53,48337
2020,Montgomery,68,#FF8200,48339
2020,Moore,0,#FFFFCC,48341
2020,Morris,1,#FFEDA4,48343
2020,Motley,0,#FFFFCC,48345
2020,Nacogdoches,15,#FFB82A,48347
2020,Navarro,10,#FFC140,48349
2020,Newton,4,#FFD66E,48351
2020,Nolan,1,#FFEDA4,48353
2020,Nueces,92,#FF7400,48355
2020,Ochiltree,2,#FFE38C,48357
2020,Oldham,0,#FFFFCC,48359
2020,Orange,31,#FFA602,48361
2020,Palo Pinto,4,#FFD66E,48363
2020,Panola,2,#FFE38C,48365
2020,Parker,29,#FFA806,48367
2020,Parmer,6,#FFCD5B,48369
2020,Pecos,2,#FFE38C,48371
2020,Polk,9,#FFC446,48373
2020,Potter,60,#FF8800,48375
2020,Presidio,0,#FFFFCC,48377
2020,Rains,1,#FFEDA4,48379
2020,Randall,45,#FF9500,48381
2020,Reagan,2,#FFE38C,48383
2020,Real,0,#FFFFCC,48385
2020,Red River,2,#FFE38C,48387
2020,Reeves,1,#FFEDA4,48389
2020,Refugio,0,#FFFFCC,48391
2020,Roberts,0,#FFFFCC,48393
2020,Robertson,7,#FFCA53,48395
2020,Rockwall,28,#FFA808,48397
2020,Runnels,0,#FFFFCC,48399
2020,Rusk,17,#FFB523,48401
2020,Sabine,2,#FFE38C,48403
2020,San Augustine,3,#FFDB7B,48405
2020,San Jacinto,4,#FFD66E,48407
2020,San Patricio,19,#FFB21D,48409
2020,San Saba,6,#FFCD5B,48411
2020,Schleicher,0,#FFFFCC,48413
2020,Scurry,6,#FFCD5B,48415
2020,Shackelford,2,#FFE38C,48417
2020,Shelby,3,#FFDB7B,48419
2020,Sherman,2,#FFE38C,48421
2020,Smith,31,#FFA602,48423
2020,Somervell,0,#FFFFCC,48425
2020,Starr,1,#FFEDA4,48427
2020,Stephens,0,#FFFFCC,48429
2020,Sterling,0,#FFFFCC,48431
2020,Stonewall,0,#FFFFCC,48433
2020,Sutton,0,#FFFFCC,48435
2020,Swisher,3,#FFDB7B,48437
2020,Tarrant,222,#FF4B00,48439
2020,Taylor,39,#FF9C00,48441
2020,Terrell,0,#FFFFCC,48443
2020,Terry,6,#FFCD5B,48445
2020,Throckmorton,0,#FFFFCC,48447
2020,Titus,7,#FFCA53,48449
2020,Tom Green,52,#FF8F00,48451
2020,Travis,201,#FF5000,48453
2020,Trinity,9,#FFC446,48455
2020,Tyler,3,#FFDB7B,48457
2020,Upshur,14,#FFB92E,48459
2020,Upton,0,#FFFFCC,48461
2020,Uvalde,6,#FFCD5B,48463
2020,Val Verde,9,#FFC446,48465
2020,Van Zandt,28,#FFA808,48467
2020,Victoria,21,#FFAF18,48469
2020,Walker,6,#FFCD5B,48471
2020,Waller,15,#FFB82A,48473
2020,Ward,1,#FFEDA4,48475
2020,Washington,1,#FFEDA4,48477
2020,Webb,27,#FFA90A,48479
2020,Wharton,8,#FFC64C,48481
2020,Wheeler,0,#FFFFCC,48483
2020,Wichita,63,#FF8600,48485
2020,Wilbarger,2,#FFE38C,48487
2020,Willacy,3,#FFDB7B,48489
2020,Williamson,87,#FF7700,48491
2020,Wilson,18,#FFB320,48493
2020,Winkler,4,#FFD66E,48495
2020,Wise,18,#FFB320,48497
2020,Wood,4,#FFD66E,48499
2020,Yoakum,1,#FFEDA4,48501
2020,Young,12,#FFBD36,48503
2020,Zapata,0,#FFFFCC,48505
2020,Zavala,2,#FFE38C,48507
2021,Anderson,7,#FFCA53,48001
2021,Andrews,12,#FFBD36,48003
2021,Angelina,35,#FFA100,48005
2021,Aransas,28,#FFA808,48007
2021,Archer,1,#FFEDA4,48009
2021,Armstrong,0,#FFFFCC,48011
2021,Atascosa,27,#FFA90A,48013
2021,Austin,0,#FFFFCC,48015
2021,Bailey,0,#FFFFCC,48017
2021,Bandera,10,#FFC140,48019
2021,Bastrop,17,#FFB523,48021
2021,Baylor,0,#FFFFCC,48023
2021,Bee,11,#FFBF3B,48025
2021,Bell,133,#FF6300,48027
2021,Bexar,633,#FF1A00,48029
2021,Blanco,0,#FFFFCC,48031
2021,Borden,0,#FFFFCC,48033
2021,Bosque,10,#FFC140,48035
2021,Bowie,6,#FFCD5B,48037
2021,Brazoria,28,#FFA808,48039
2021,Brazos,36,#FFA000,48041
2021,Brewster,0,#FFFFCC,48043
2021,Briscoe,0,#FFFFCC,48045
2021,Brooks,1,#FFEDA4,48047
2021,Brown,19,#FFB21D,48049
2021,Burleson,2,#FFE38C,48051
2021,Burnet,10,#FFC140,48053
2021,Caldwell,21,#FFAF18,48055
2021,Calhoun,0,#FFFFCC,48057
2021,Callahan,9,#FFC446,48059
2021,Cameron,26,#FFAA0C,48061
2021,Camp,5,#FFD164,48063
2021,Carson,5,#FFD164,48065
2021,Cass,4,#FFD66E,48067
2021,Castro,0,#FFFFCC,48069
2021,Chambers,1,#FFEDA4,48071
2021,Cherokee,20,#FFB11A,48073
2021,Childress,4,#FFD66E,48075
2021,Clay,3,#FFDB7B,48077
2021,Cochran,0,#FFFFCC,48079
2021,Coke,0,#FFFFCC,48081
2021,Coleman,2,#FFE38C,48083
2021,Collin,66,#FF8400,48085
2021,Collingsworth,1,#FFEDA4,48087
2021,Colorado,3,#FFDB7B,48089
2021,Comal,29,#FFA806,48091
2021,Comanche,3,#FFDB7B,48093
2021,Concho,0,#FFFFCC,48095
2021,Cooke,9,#FFC446,48097
2021,Coryell,51,#FF9000,48099
2021,Cottle,0,#FFFFCC,48101
2021,Crane,0,#FFFFCC,48103
2021,Crockett,1,#FFEDA4,48105
2021,Crosby,0,#FFFFCC,48107
2021,Culberson,2,#FFE38C,48109
2021,Dallam,3,#FFDB7B,48111
2021,Dallas,216,#FF4C00,48113
2021,Dawson,6,#FFCD5B,48115
2021,Deaf Smith,2,#FFE38C,48117
2021,Delta,0,#FFFFCC,48119
2021,Denton,94,#FF7300,48121
2021,Dewitt,0,#FFFFCC,48123
2021,Dickens,0,#FFFFCC,48125
2021,Dimmit,3,#FFDB7B,48127
2021,Donley,2,#FFE38C,48129
2021,Duval,1,#FFEDA4,48131
2021,Eastland,1,#FFEDA4,48133
2021,Ector,63,#FF8600,48135
2021,Edwards,0,#FFFFCC,48137
2021,Ellis,15,#FFB82A,48139
2021,El Paso,58,#FF8A00,48141
2021,Erath,5,#FFD164,48143
2021,Falls,13,#FFBB32,48145
2021,Fannin,17,#FFB523,48147
2021,Fayette,5,#FFD164,48149
2021,Fisher,0,#FFFFCC,48151
2021,Floyd,0,#FFFFCC,48153
2021,Foard,0,#FFFFCC,48155
2021,Fort Bend,29,#FFA806,48157
2021,Franklin,6,#FFCD5B,48159
2021,Freestone,3,#FFDB7B,48161
2021,Frio,20,#FFB11A,48163
2021,Gaines,12,#FFBD36,48165
2021,Galveston,29,#FFA806,48167
2021,Garza,0,#FFFFCC,48169
2021,Gillespie,3,#FFDB7B,48171
2021,Glasscock,0,#FFFFCC,48173
2021,Goliad,0,#FFFFCC,48175
2021,Gonzales,4,#FFD66E,48177
2021,Gray,10,#FFC140,48179
2021,Grayson,38,#FF9D00,48181
2021,Gregg,45,#FF9500,48183
2021,Grimes,4,#FFD66E,48185
2021,Guadalupe,23,#FFAD13,48187
2021,Hale,13,#FFBB32,48189
2021,Hall,1,#FFEDA4,48191
2021,Hamilton,0,#FFFFCC,48193
2021,Hansford,0,#FFFFCC,48195
2021,Hardeman,1,#FFEDA4,48197
2021,Hardin,9,#FFC446,48199
2021,Harris,401,#FF2F00,48201
2021,Harrison,10,#FFC140,48203
2021,Hartley,0,#FFFFCC,48205
2021,Haskell,3,#FFDB7B,48207
2021,Hays,49,#FF9200,48209
2021,Hemphill,0,#FFFFCC,48211
2021,Henderson,17,#FFB523,48213
2021,Hidalgo,35,#FFA100,48215
2021,Hill,16,#FFB627,48217
2021,Hockley,10,#FFC140,48219
2021,Hood,22,#FFAE15,48221
2021,Hopkins,9,#FFC446,48223
2021,Houston,5,#FFD164,48225
2021,Howard,3,#FFDB7B,48227
2021,Hudspeth,0,#FFFFCC,48229
2021,Hunt,31,#FFA602,48231
2021,Hutchinson,4,#FFD66E,48233
2021,Irion,0,#FFFFCC,48235
2021,Jack,1,#FFEDA4,48237
2021,Jackson,11,#FFBF3B,48239
2021,Jasper,12,#FFBD36,48241
2021,Jeff Davis,0,#FFFFCC,48243
2021,Jefferson,59,#FF8900,48245
2021,Jim Hogg,0,#FFFFCC,48247
2021,Jim Wells,2,#FFE38C,48249
2021,Johnson,31,#FFA602,48251
2021,Jones,9,#FFC446,48253
2021,Karnes,5,#FFD164,48255
2021,Kaufman,21,#FFAF18,48257
2021,Kendall,4,#FFD66E,48259
2021,Kenedy,0,#FFFFCC,48261
2021,Kent,0,#FFFFCC,48263
2021,Kerr,17,#FFB523,48265
2021,Kimble,0,#FFFFCC,48267
2021,King,0,#FFFFCC,48269
2021,Kinney,0,#FFFFCC,48271
2021,Kleberg,3,#FFDB7B,48273
2021,Knox,0,#FFFFCC,48275
2021,Lamar,20,#FFB11A,48277
2021,Lamb,0,#FFFFCC,48279
2021,Lampasas,15,#FFB82A,48281
2021,La Salle,4,#FFD66E,48283
2021,Lavaca,6,#FFCD5B,48285
2021,Lee,1,#FFEDA4,48287
2021,Leon,0,#FFFFCC,48289
2021,Liberty,12,#FFBD36,48291
2021,Limestone,7,#FFCA53,48293
2021,Lipscomb,0,#FFFFCC,48295
2021,Live Oak,2,#FFE38C,48297
2021,Llano,6,#FFCD5B,48299
2021,Loving,0,#FFFFCC,48301
2021,Lubbock,147,#FF5E00,48303
2021,Lynn,0,#FFFFCC,48305
2021,Mcculloch,0,#FFFFCC,48307
2021,Mclennan,0,#FFFFCC,48309
2021,Mcmullen,0,#FFFFCC,48311
2021,Madison,0,#FFFFCC,48313
2021,Marion,4,#FFD66E,48315
2021,Martin,0,#FFFFCC,48317
2021,Mason,0,#FFFFCC,48319
2021,Matagorda,6,#FFCD5B,48321
2021,Maverick,3,#FFDB7B,48323
2021,Medina,28,#FFA808,48325
2021,Menard,2,#FFE38C,48327
2021,Midland,24,#FFAC10,48329
2021,Milam,9,#FFC446,48331
2021,Mills,3,#FFDB7B,48333
2021,Mitchell,0,#FFFFCC,48335
2021,Montague,12,#FFBD36,48337
2021,Montgomery,57,#FF8B00,48339
2021,Moore,3,#FFDB7B,48341
2021,Morris,4,#FFD66E,48343
2021,Motley,0,#FFFFCC,48345
2021,Nacogdoches,26,#FFAA0C,48347
2021,Navarro,12,#FFBD36,48349
2021,Newton,0,#FFFFCC,48351
2021,Nolan,3,#FFDB7B,48353
2021,Nueces,44,#FF9600,48355
2021,Ochiltree,0,#FFFFCC,48357
2021,Oldham,0,#FFFFCC,48359
2021,Orange,47,#FF9300,48361
2021,Palo Pinto,12,#FFBD36,48363
2021,Panola,4,#FFD66E,48365
2021,Parker,28,#FFA808,48367
2021,Parmer,1,#FFEDA4,48369
2021,Pecos,3,#FFDB7B,48371
2021,Polk,12,#FFBD36,48373
2021,Potter,70,#FF8100,48375
2021,Presidio,0,#FFFFCC,48377
2021,Rains,1,#FFEDA4,48379
2021,Randall,34,#FFA200,48381
2021,Reagan,0,#FFFFCC,48383
2021,Real,0,#FFFFCC,48385
2021,Red River,2,#FFE38C,48387
2021,Reeves,3,#FFDB7B,48389
2021,Refugio,6,#FFCD5B,48391
2021,Roberts,0,#FFFFCC,48393
2021,Robertson,3,#FFDB7B,48395
2021,Rockwall,17,#FFB523,48397
2021,Runnels,6,#FFCD5B,48399
2021,Rusk,8,#FFC64C,48401
2021,Sabine,1,#FFEDA4,48403
2021,San Augustine,2,#FFE38C,48405
2021,San Jacinto,7,#FFCA53,48407
2021,San Patricio,12,#FFBD36,48409
2021,San Saba,2,#FFE38C,48411
2021,Schleicher,0,#FFFFCC,48413
2021,Scurry,0,#FFFFCC,48415
2021,Shackelford,0,#FFFFCC,48417
2021,Shelby,4,#FFD66E,48419
2021,Sherman,1,#FFEDA4,48421
2021,Smith,59,#FF8900,48423
2021,Somervell,0,#FFFFCC,48425
2021,Starr,0,#FFFFCC,48427
2021,Stephens,0,#FFFFCC,48429
2021,Sterling,0,#FFFFCC,48431
2021,Stonewall,0,#FFFFCC,48433
2021,Sutton,1,#FFEDA4,48435
2021,Swisher,4,#FFD66E,48437
2021,Tarrant,224,#FF4B00,48439
2021,Taylor,56,#FF8B00,48441
2021,Terrell,0,#FFFFCC,48443
2021,Terry,1,#FFEDA4,48445
2021,Throckmorton,0,#FFFFCC,48447
2021,Titus,6,#FFCD5B,48449
2021,Tom Green,51,#FF9000,48451
2021,Travis,191,#FF5200,48453
2021,Trinity,4,#FFD66E,48455
2021,Tyler,4,#FFD66E,48457
2021,Upshur,29,#FFA806,48459
2021,Upton,1,#FFEDA4,48461
2021,Uvalde,15,#FFB82A,48463
2021,Val Verde,15,#FFB82A,48465
2021,Van Zandt,19,#FFB21D,48467
2021,Victoria,35,#FFA100,48469
2021,Walker,3,#FFDB7B,48471
2021,Waller,1,#FFEDA4,48473
2021,Ward,5,#FFD164,48475
2021,Washington,2,#FFE38C,48477
2021,Webb,8,#FFC64C,48479
2021,Wharton,2,#FFE38C,48481
2021,Wheeler,1,#FFEDA4,48483
2021,Wichita,30,#FFA704,48485
2021,Wilbarger,0,#FFFFCC,48487
2021,Willacy,3,#FFDB7B,48489
2021,Williamson,75,#FF7E00,48491
2021,Wilson,7,#FFCA53,48493
2021,Winkler,4,#FFD66E,48495
2021,Wise,19,#FFB21D,48497
2021,Wood,6,#FFCD5B,48499
2021,Yoakum,0,#FFFFCC,48501
2021,Young,7,#FFCA53,48503
2021,Zapata,1,#FFEDA4,48505
2021,Zavala,9,#FFC446,48507
2022,Anderson,30,#FFA704,48001
2022,Andrews,3,#FFDB7B,48003
2022,Angelina,31,#FFA602,48005
2022,Aransas,10,#FFC140,48007
2022,Archer,2,#FFE38C,48009
2022,Armstrong,0,#FFFFCC,48011
2022,Atascosa,35,#FFA100,48013
2022,Austin,3,#FFDB7B,48015
2022,Bailey,2,#FFE38C,48017
2022,Bandera,9,#FFC446,48019
2022,Bastrop,35,#FFA100,48021
2022,Baylor,1,#FFEDA4,48023
2022,Bee,7,#FFCA53,48025
2022,Bell,137,#FF6200,48027
2022,Bexar,609,#FF1C00,48029
2022,Blanco,1,#FFEDA4,48031
2022,Borden,0,#FFFFCC,48033
2022,Bosque,7,#FFCA53,48035
2022,Bowie,10,#FFC140,48037
2022,Brazoria,39,#FF9C00,48039
2022,Brazos,35,#FFA100,48041
2022,Brewster,0,#FFFFCC,48043
2022,Briscoe,3,#FFDB7B,48045
2022,Brooks,2,#FFE38C,48047
2022,Brown,25,#FFAB0E,48049
2022,Burleson,3,#FFDB7B,48051
2022,Burnet,22,#FFAE15,48053
2022,Caldwell,18,#FFB320,48055
2022,Calhoun,4,#FFD66E,48057
2022,Callahan,7,#FFCA53,48059
2022,Cameron,27,#FFA90A,48061
2022,Camp,3,#FFDB7B,48063
2022,Carson,1,#FFEDA4,48065
2022,Cass,5,#FFD164,48067
2022,Castro,2,#FFE38C,48069
2022,Chambers,3,#FFDB7B,48071
2022,Cherokee,19,#FFB21D,48073
2022,Childress,0,#FFFFCC,48075
2022,Clay,4,#FFD66E,48077
2022,Cochran,0,#FFFFCC,48079
2022,Coke,0,#FFFFCC,48081
2022,Coleman,1,#FFEDA4,48083
2022,Collin,79,#FF7B00,48085
2022,Collingsworth,0,#FFFFCC,48087
2022,Colorado,6,#FFCD5B,48089
2022,Comal,32,#FFA500,48091
2022,Comanche,2,#FFE38C,48093
2022,Concho,0,#FFFFCC,48095
2022,Cooke,7,#FFCA53,48097
2022,Coryell,33,#FFA400,48099
2022,Cottle,0,#FFFFCC,48101
2022,Crane,0,#FFFFCC,48103
2022,Crockett,1,#FFEDA4,48105
2022,Crosby,0,#FFFFCC,48107
2022,Culberson,0,#FFFFCC,48109
2022,Dallam,3,#FFDB7B,48111
2022,Dallas,254,#FF4500,48113
2022,Dawson,4,#FFD66E,48115
2022,Deaf Smith,0,#FFFFCC,48117
2022,Delta,1,#FFEDA4,48119
2022,Denton,102,#FF6F00,48121
2022,Dewitt,0,#FFFFCC,48123
2022,Dickens,0,#FFFFCC,48125
2022,Dimmit,5,#FFD164,48127
2022,Donley,0,#FFFFCC,48129
2022,Duval,6,#FFCD5B,48131
2022,Eastland,6,#FFCD5B,48133
2022,Ector,47,#FF9300,48135
2022,Edwards,0,#FFFFCC,48137
2022,Ellis,27,#FFA90A,48139
2022,El Paso,51,#FF9000,48141
2022,Erath,9,#FFC446,48143
2022,Falls,2,#FFE38C,48145
2022,Fannin,16,#FFB627,48147
2022,Fayette,9,#FFC446,48149
2022,Fisher,0,#FFFFCC,48151
2022,Floyd,0,#FFFFCC,48153
2022,Foard,0,#FFFFCC,48155
2022,Fort Bend,39,#FF9C00,48157
2022,Franklin,1,#FFEDA4,48159
2022,Freestone,0,#FFFFCC,48161
2022,Frio,24,#FFAC10,48163
2022,Gaines,1,#FFEDA4,48165
2022,Galveston,52,#FF8F00,48167
2022,Garza,0,#FFFFCC,48169
2022,Gillespie,4,#FFD66E,48171
2022,Glasscock,0,#FFFFCC,48173
2022,Goliad,1,#FFEDA4,48175
2022,Gonzales,4,#FFD66E,48177
2022,Gray,7,#FFCA53,48179
2022,Grayson,22,#FFAE15,48181
2022,Gregg,41,#FF9A00,48183
2022,Grimes,5,#FFD164,48185
2022,Guadalupe,24,#FFAC10,48187
2022,Hale,11,#FFBF3B,48189
2022,Hall,0,#FFFFCC,48191
2022,Hamilton,4,#FFD66E,48193
2022,Hansford,0,#FFFFCC,48195
2022,Hardeman,0,#FFFFCC,48197
2022,Hardin,12,#FFBD36,48199
2022,Harris,278,#FF4000,48201
2022,Harrison,10,#FFC140,48203
2022,Hartley,0,#FFFFCC,48205
2022,Haskell,0,#FFFFCC,48207
2022,Hays,46,#FF9400,48209
2022,Hemphill,0,#FFFFCC,48211
2022,Henderson,33,#FFA400,48213
2022,Hidalgo,20,#FFB11A,48215
2022,Hill,9,#FFC446,48217
2022,Hockley,4,#FFD66E,48219
2022,Hood,12,#FFBD36,48221
2022,Hopkins,19,#FFB21D,48223
2022,Houston,9,#FFC446,48225
2022,Howard,11,#FFBF3B,48227
2022,Hudspeth,0,#FFFFCC,48229
2022,Hunt,34,#FFA200,48231
2022,Hutchinson,2,#FFE38C,48233
2022,Irion,3,#FFDB7B,48235
2022,Jack,3,#FFDB7B,48237
2022,Jackson,7,#FFCA53,48239
2022,Jasper,15,#FFB82A,48241
2022,Jeff Davis,0,#FFFFCC,48243
2022,Jefferson,67,#FF8300,48245
2022,Jim Hogg,0,#FFFFCC,48247
2022,Jim Wells,9,#FFC446,48249
2022,Johnson,29,#FFA806,48251
2022,Jones,2,#FFE38C,48253
2022,Karnes,4,#FFD66E,48255
2022,Kaufman,27,#FFA90A,48257
2022,Kendall,6,#FFCD5B,48259
2022,Kenedy,0,#FFFFCC,48261
2022,Kent,0,#FFFFCC,48263
2022,Kerr,14,#FFB92E,48265
2022,Kimble,4,#FFD66E,48267
2022,King,0,#FFFFCC,48269
2022,Kinney,0,#FFFFCC,48271
2022,Kleberg,2,#FFE38C,48273
2022,Knox,3,#FFDB7B,48275
2022,Lamar,22,#FFAE15,48277
2022,Lamb,3,#FFDB7B,48279
2022,Lampasas,13,#FFBB32,48281
2022,La Salle,4,#FFD66E,48283
2022,Lavaca,2,#FFE38C,48285
2022,Lee,6,#FFCD5B,48287
2022,Leon,1,#FFEDA4,48289
2022,Liberty,7,#FFCA53,48291
2022,Limestone,6,#FFCD5B,48293
2022,Lipscomb,0,#FFFFCC,48295
2022,Live Oak,1,#FFEDA4,48297
2022,Llano,11,#FFBF3B,48299
2022,Loving,0,#FFFFCC,48301
2022,Lubbock,94,#FF7300,48303
2022,Lynn,0,#FFFFCC,48305
2022,Mcculloch,0,#FFFFCC,48307
2022,Mclennan,0,#FFFFCC,48309
2022,Mcmullen,0,#FFFFCC,48311
2022,Madison,3,#FFDB7B,48313
2022,Marion,0,#FFFFCC,48315
2022,Martin,1,#FFEDA4,48317
2022,Mason,6,#FFCD5B,48319
2022,Matagorda,2,#FFE38C,48321
2022,Maverick,5,#FFD164,48323
2022,Medina,16,#FFB627,48325
2022,Menard,2,#FFE38C,48327
2022,Midland,23,#FFAD13,48329
2022,Milam,8,#FFC64C,48331
2022,Mills,0,#FFFFCC,48333
2022,Mitchell,2,#FFE38C,48335
2022,Montague,11,#FFBF3B,48337
2022,Montgomery,75,#FF7E00,48339
2022,Moore,8,#FFC64C,48341
2022,Morris,3,#FFDB7B,48343
2022,Motley,0,#FFFFCC,48345
2022,Nacogdoches,33,#FFA400,48347
2022,Navarro,5,#FFD164,48349
2022,Newton,3,#FFDB7B,48351
2022,Nolan,0,#FFFFCC,48353
2022,Nueces,68,#FF8200,48355
2022,Ochiltree,2,#FFE38C,48357
2022,Oldham,0,#FFFFCC,48359
2022,Orange,39,#FF9C00,48361
2022,Palo Pinto,20,#FFB11A,48363
2022,Panola,2,#FFE38C,48365
2022,Parker,27,#FFA90A,48367
2022,Parmer,1,#FFEDA4,48369
2022,Pecos,6,#FFCD5B,48371
2022,Polk,8,#FFC64C,48373
2022,Potter,58,#FF8A00,48375
2022,Presidio,0,#FFFFCC,48377
2022,Rains,5,#FFD164,48379
2022,Randall,30,#FFA704,48381
2022,Reagan,1,#FFEDA4,48383
2022,Real,1,#FFEDA4,48385
2022,Red River,2,#FFE38C,48387
2022,Reeves,0,#FFFFCC,48389
2022,Refugio,0,#FFFFCC,48391
2022,Roberts,0,#FFFFCC,48393
2022,Robertson,10,#FFC140,48395
2022,Rockwall,22,#FFAE15,48397
2022,Runnels,1,#FFEDA4,48399
2022,Rusk,4,#FFD66E,48401
2022,Sabine,3,#FFDB7B,48403
2022,San Augustine,0,#FFFFCC,48405
2022,San Jacinto,5,#FFD164,48407
2022,San Patricio,17,#FFB523,48409
2022,San Saba,2,#FFE38C,48411
2022,Schleicher,0,#FFFFCC,48413
2022,Scurry,0,#FFFFCC,48415
2022,Shackelford,0,#FFFFCC,48417
2022,Shelby,5,#FFD164,48419
2022,Sherman,0,#FFFFCC,48421
2022,Smith,49,#FF9200,48423
2022,Somervell,3,#FFDB7B,48425
2022,Starr,0,#FFFFCC,48427
2022,Stephens,4,#FFD66E,48429
2022,Sterling,0,#FFFFCC,48431
2022,Stonewall,0,#FFFFCC,48433
2022,Sutton,0,#FFFFCC,48435
2022,Swisher,4,#FFD66E,48437
2022,Tarrant,220,#FF4B00,48439
2022,Taylor,67,#FF8300,48441
2022,Terrell,0,#FFFFCC,48443
2022,Terry,6,#FFCD5B,48445
2022,Throckmorton,0,#FFFFCC,48447
2022,Titus,2,#FFE38C,48449
2022,Tom Green,36,#FFA000,48451
2022,Travis,184,#FF5400,48453
2022,Trinity,2,#FFE38C,48455
2022,Tyler,10,#FFC140,48457
2022,Upshur,18,#FFB320,48459
2022,Upton,1,#FFEDA4,48461
2022,Uvalde,1,#FFEDA4,48463
2022,Val Verde,8,#FFC64C,48465
2022,Van Zandt,32,#FFA500,48467
2022,Victoria,20,#FFB11A,48469
2022,Walker,2,#FFE38C,48471
2022,Waller,4,#FFD66E,48473
2022,Ward,3,#FFDB7B,48475
2022,Washington,1,#FFEDA4,48477
2022,Webb,27,#FFA90A,48479
2022,Wharton,1,#FFEDA4,48481
2022,Wheeler,0,#FFFFCC,48483
2022,Wichita,48,#FF9200,48485
2022,Wilbarger,5,#FFD164,48487
2022,Willacy,0,#FFFFCC,48489
2022,Williamson,39,#FF9C00,48491
2022,Wilson,9,#FFC446,48493
2022,Winkler,1,#FFEDA4,48495
2022,Wise,10,#FFC140,48497
2022,Wood,7,#FFCA53,48499
2022,Yoakum,0,#FFFFCC,48501
2022,Young,5,#FFD164,48503
2022,Zapata,0,#FFFFCC,48505
2022,Zavala,3,#FFDB7B,48507
2023,Anderson,14,#FFB92E,48001
2023,Andrews,3,#FFDB7B,48003
2023,Angelina,22,#FFAE15,48005
2023,Aransas,3,#FFDB7B,48007
2023,Archer,0,#FFFFCC,48009
2023,Armstrong,2,#FFE38C,48011
2023,Atascosa,28,#FFA808,48013
2023,Austin,2,#FFE38C,48015
2023,Bailey,1,#FFEDA4,48017
2023,Bandera,8,#FFC64C,48019
2023,Bastrop,15,#FFB82A,48021
2023,Baylor,0,#FFFFCC,48023
2023,Bee,8,#FFC64C,48025
2023,Bell,112,#FF6B00,48027
2023,Bexar,591,#FF1D00,48029
2023,Blanco,7,#FFCA53,48031
2023,Borden,0,#FFFFCC,48033
2023,Bosque,1,#FFEDA4,48035
2023,Bowie,6,#FFCD5B,48037
2023,Brazoria,32,#FFA500,48039
2023,Brazos,40,#FF9B00,48041
2023,Brewster,0,#FFFFCC,48043
2023,Briscoe,1,#FFEDA4,48045
2023,Brooks,0,#FFFFCC,48047
2023,Brown,33,#FFA400,48049
2023,Burleson,3,#FFDB7B,48051
2023,Burnet,15,#FFB82A,48053
2023,Caldwell,23,#FFAD13,48055
2023,Calhoun,2,#FFE38C,48057
2023,Callahan,5,#FFD164,48059
2023,Cameron,43,#FF9800,48061
2023,Camp,5,#FFD164,48063
2023,Carson,1,#FFEDA4,48065
2023,Cass,8,#FFC64C,48067
2023,Castro,5,#FFD164,48069
2023,Chambers,2,#FFE38C,48071
2023,Cherokee,17,#FFB523,48073
2023,Childress,1,#FFEDA4,48075
2023,Clay,5,#FFD164,48077
2023,Cochran,0,#FFFFCC,48079
2023,Coke,0,#FFFFCC,48081
2023,Coleman,4,#FFD66E,48083
2023,Collin,75,#FF7E00,48085
2023,Collingsworth,0,#FFFFCC,48087
2023,Colorado,1,#FFEDA4,48089
2023,Comal,25,#FFAB0E,48091
2023,Comanche,9,#FFC446,48093
2023,Concho,1,#FFEDA4,48095
2023,Cooke,12,#FFBD36,48097
2023,Coryell,18,#FFB320,48099
2023,Cottle,0,#FFFFCC,48101
2023,Crane,0,#FFFFCC,48103
2023,Crockett,3,#FFDB7B,48105
2023,Crosby,1,#FFEDA4,48107
2023,Culberson,0,#FFFFCC,48109
2023,Dallam,6,#FFCD5B,48111
2023,Dallas,195,#FF5100,48113
2023,Dawson,3,#FFDB7B,48115
2023,Deaf Smith,4,#FFD66E,48117
2023,Delta,0,#FFFFCC,48119
2023,Denton,92,#FF7400,48121
2023,Dewitt,0,#FFFFCC,48123
2023,Dickens,0,#FFFFCC,48125
2023,Dimmit,4,#FFD66E,48127
2023,Donley,0,#FFFFCC,48129
2023,Duval,2,#FFE38C,48131
2023,Eastland,4,#FFD66E,48133
2023,Ector,37,#FF9E00,48135
2023,Edwards,0,#FFFFCC,48137
2023,Ellis,31,#FFA602,48139
2023,El Paso,49,#FF9200,48141
2023,Erath,4,#FFD66E,48143
2023,Falls,3,#FFDB7B,48145
2023,Fannin,8,#FFC64C,48147
2023,Fayette,3,#FFDB7B,48149
2023,Fisher,0,#FFFFCC,48151
2023,Floyd,2,#FFE38C,48153
2023,Foard,0,#FFFFCC,48155
2023,Fort Bend,11,#FFBF3B,48157
2023,Franklin,4,#FFD66E,48159
2023,Freestone,8,#FFC64C,48161
2023,Frio,9,#FFC446,48163
2023,Gaines,3,#FFDB7B,48165
2023,Galveston,40,#FF9B00,48167
2023,Garza,0,#FFFFCC,48169
2023,Gillespie,1,#FFEDA4,48171
2023,Glasscock,0,#FFFFCC,48173
2023,Goliad,0,#FFFFCC,48175
2023,Gonzales,2,#FFE38C,48177
2023,Gray,9,#FFC446,48179
2023,Grayson,41,#FF9A00,48181
2023,Gregg,26,#FFAA0C,48183
2023,Grimes,5,#FFD164,48185
2023,Guadalupe,15,#FFB82A,48187
2023,Hale,4,#FFD66E,48189
2023,Hall,2,#FFE38C,48191
2023,Hamilton,1,#FFEDA4,48193
2023,Hansford,0,#FFFFCC,48195
2023,Hardeman,3,#FFDB7B,48197
2023,Hardin,11,#FFBF3B,48199
2023,Harris,277,#FF4100,48201
2023,Harrison,16,#FFB627,48203
2023,Hartley,0,#FFFFCC,48205
2023,Haskell,7,#FFCA53,48207
2023,Hays,100,#FF7000,48209
2023,Hemphill,0,#FFFFCC,48211
2023,Henderson,21,#FFAF18,48213
2023,Hidalgo,27,#FFA90A,48215
2023,Hill,11,#FFBF3B,48217
2023,Hockley,10,#FFC140,48219
2023,Hood,14,#FFB92E,48221
2023,Hopkins,9,#FFC446,48223
2023,Houston,6,#FFCD5B,48225
2023,Howard,10,#FFC140,48227
2023,Hudspeth,0,#FFFFCC,48229
2023,Hunt,37,#FF9E00,48231
2023,Hutchinson,3,#FFDB7B,48233
2023,Irion,1,#FFEDA4,48235
2023,Jack,1,#FFEDA4,48237
2023,Jackson,2,#FFE38C,48239
2023,Jasper,18,#FFB320,48241
2023,Jeff Davis,0,#FFFFCC,48243
2023,Jefferson,77,#FF7D00,48245
2023,Jim Hogg,1,#FFEDA4,48247
2023,Jim Wells,8,#FFC64C,48249
2023,Johnson,33,#FFA400,48251
2023,Jones,3,#FFDB7B,48253
2023,Karnes,3,#FFDB7B,48255
2023,Kaufman,24,#FFAC10,48257
2023,Kendall,3,#FFDB7B,48259
2023,Kenedy,0,#FFFFCC,48261
2023,Kent,0,#FFFFCC,48263
2023,Kerr,4,#FFD66E,48265
2023,Kimble,0,#FFFFCC,48267
2023,King,0,#FFFFCC,48269
2023,Kinney,2,#FFE38C,48271
2023,Kleberg,13,#FFBB32,48273
2023,Knox,0,#FFFFCC,48275
2023,Lamar,16,#FFB627,48277
2023,Lamb,2,#FFE38C,48279
2023,Lampasas,4,#FFD66E,48281
2023,La Salle,0,#FFFFCC,48283
2023,Lavaca,0,#FFFFCC,48285
2023,Lee,8,#FFC64C,48287
2023,Leon,1,#FFEDA4,48289
2023,Liberty,19,#FFB21D,48291
2023,Limestone,5,#FFD164,48293
2023,Lipscomb,0,#FFFFCC,48295
2023,Live Oak,0,#FFFFCC,48297
2023,Llano,9,#FFC446,48299
2023,Loving,0,#FFFFCC,48301
2023,Lubbock,102,#FF6F00,48303
2023,Lynn,2,#FFE38C,48305
2023,Mcculloch,0,#FFFFCC,48307
2023,Mclennan,0,#FFFFCC,48309
2023,Mcmullen,0,#FFFFCC,48311
2023,Madison,9,#FFC446,48313
2023,Marion,5,#FFD164,48315
2023,Martin,0,#FFFFCC,48317
2023,Mason,0,#FFFFCC,48319
2023,Matagorda,1,#FFEDA4,48321
2023,Maverick,0,#FFFFCC,48323
2023,Medina,21,#FFAF18,48325
2023,Menard,2,#FFE38C,48327
2023,Midland,20,#FFB11A,48329
2023,Milam,17,#FFB523,48331
2023,Mills,4,#FFD66E,48333
2023,Mitchell,0,#FFFFCC,48335
2023,Montague,12,#FFBD36,48337
2023,Montgomery,80,#FF7B00,48339
2023,Moore,6,#FFCD5B,48341
2023,Morris,0,#FFFFCC,48343
2023,Motley,0,#FFFFCC,48345
2023,Nacogdoches,24,#FFAC10,48347
2023,Navarro,13,#FFBB32,48349
2023,Newton,1,#FFEDA4,48351
2023,Nolan,5,#FFD164,48353
2023,Nueces,63,#FF8600,48355
2023,Ochiltree,0,#FFFFCC,48357
2023,Oldham,0,#FFFFCC,48359
2023,Orange,28,#FFA808,48361
2023,Palo Pinto,17,#FFB523,48363
2023,Panola,2,#FFE38C,48365
2023,Parker,20,#FFB11A,48367
2023,Parmer,0,#FFFFCC,48369
2023,Pecos,0,#FFFFCC,48371
2023,Polk,10,#FFC140,48373
2023,Potter,44,#FF9600,48375
2023,Presidio,0,#FFFFCC,48377
2023,Rains,1,#FFEDA4,48379
2023,Randall,27,#FFA90A,48381
2023,Reagan,0,#FFFFCC,48383
2023,Real,1,#FFEDA4,48385
2023,Red River,1,#FFEDA4,48387
2023,Reeves,2,#FFE38C,48389
2023,Refugio,0,#FFFFCC,48391
2023,Roberts,0,#FFFFCC,48393
2023,Robertson,4,#FFD66E,48395
2023,Rockwall,9,#FFC446,48397
2023,Runnels,7,#FFCA53,48399
2023,Rusk,3,#FFDB7B,48401
2023,Sabine,7,#FFCA53,48403
2023,San Augustine,0,#FFFFCC,48405
2023,San Jacinto,2,#FFE38C,48407
2023,San Patricio,15,#FFB82A,48409
2023,San Saba,1,#FFEDA4,48411
2023,Schleicher,0,#FFFFCC,48413
2023,Scurry,1,#FFEDA4,48415
2023,Shackelford,2,#FFE38C,48417
2023,Shelby,6,#FFCD5B,48419
2023,Sherman,0,#FFFFCC,48421
2023,Smith,59,#FF8900,48423
2023,Somervell,1,#FFEDA4,48425
2023,Starr,2,#FFE38C,48427
2023,Stephens,3,#FFDB7B,48429
2023,Sterling,0,#FFFFCC,48431
2023,Stonewall,0,#FFFFCC,48433
2023,Sutton,2,#FFE38C,48435
2023,Swisher,3,#FFDB7B,48437
2023,Tarrant,229,#FF4A00,48439
2023,Taylor,52,#FF8F00,48441
2023,Terrell,0,#FFFFCC,48443
2023,Terry,1,#FFEDA4,48445
2023,Throckmorton,0,#FFFFCC,48447
2023,Titus,1,#FFEDA4,48449
2023,Tom Green,53,#FF8E00,48451
2023,Travis,136,#FF6200,48453
2023,Trinity,2,#FFE38C,48455
2023,Tyler,2,#FFE38C,48457
2023,Upshur,10,#FFC140,48459
2023,Upton,0,#FFFFCC,48461
2023,Uvalde,5,#FFD164,48463
2023,Val Verde,12,#FFBD36,48465
2023,Van Zandt,10,#FFC140,48467
2023,Victoria,7,#FFCA53,48469
2023,Walker,2,#FFE38C,48471
2023,Waller,9,#FFC446,48473
2023,Ward,9,#FFC446,48475
2023,Washington,4,#FFD66E,48477
2023,Webb,28,#FFA808,48479
2023,Wharton,5,#FFD164,48481
2023,Wheeler,0,#FFFFCC,48483
2023,Wichita,59,#FF8900,48485
2023,Wilbarger,3,#FFDB7B,48487
2023,Willacy,2,#FFE38C,48489
2023,Williamson,66,#FF8400,48491
2023,Wilson,13,#FFBB32,48493
2023,Winkler,0,#FFFFCC,48495
2023,Wise,10,#FFC140,48497
2023,Wood,15,#FFB82A,48499
2023,Yoakum,0,#FFFFCC,48501
2023,Young,10,#FFC140,48503
2023,Zapata,0,#FFFFCC,48505
2023,Zavala,4,#FFD66E,48507
